payment_id,order_id,payment_date,payment_method,payment_status,amount
"PAY0001","O0001","2024-01-01","Cash on Delivery","Success","1485"
"PAY0002","O0002","2024-01-01","Cash on Delivery","Success","7000"
"PAY0003","O0003","2024-01-01","UPI","Success","550"
"PAY0004","O0004","2024-01-01","Credit Card","Success","3325"
"PAY0005","O0005","2024-01-01","Net Banking","Success","14250"
"PAY0006","O0006","2024-01-02","Debit Card","Success","255"
"PAY0007","O0007","2024-01-02","Cash on Delivery","Success","1530"
"PAY0008","O0008","2024-01-02","UPI","Success","1050"
"PAY0009","O0009","2024-01-02","Credit Card","Success","2660"
"PAY0010","O0010","2024-01-02","Net Banking","Success","11400"
"PAY0011","O0011","2024-01-03","Debit Card","Success","12750"
"PAY0012","O0012","2024-01-03","Cash on Delivery","Success","12000"
"PAY0013","O0013","2024-01-03","UPI","Success","3500"
"PAY0014","O0014","2024-01-03","Credit Card","Success","20900"
"PAY0015","O0015","2024-01-04","Net Banking","Success","7000"
"PAY0016","O0016","2024-01-04","Debit Card","Success","12750"
"PAY0017","O0017","2024-01-04","Cash on Delivery","Success","7000"
"PAY0018","O0018","2024-01-04","UPI","Success","5040"
"PAY0019","O0019","2024-01-04","Net Banking","Success","14250"
"PAY0020","O0020","2024-01-05","Net Banking","Success","1000"
"PAY0021","O0021","2024-01-05","Debit Card","Success","10800"
"PAY0022","O0022","2024-01-05","Cash on Delivery","Success","5500"
"PAY0023","O0023","2024-01-05","UPI","Success","12000"
"PAY0024","O0024","2024-01-06","Credit Card","Success","11900"
"PAY0025","O0025","2024-01-06","Net Banking","Success","5600"
"PAY0026","O0026","2024-01-06","Debit Card","Success","2520"
"PAY0027","O0027","2024-01-06","Cash on Delivery","Success","300"
"PAY0028","O0028","2024-01-06","UPI","Success","11400"
"PAY0029","O0029","2024-01-07","Net Banking","Success","11900"
"PAY0030","O0030","2024-01-07","Net Banking","Success","5100"
"PAY0031","O0031","2024-01-07","Debit Card","Success","45000"
"PAY0032","O0032","2024-01-07","Cash on Delivery","Success","11400"
"PAY0033","O0033","2024-01-07","UPI","Success","5400"
"PAY0034","O0034","2024-01-08","Credit Card","Success","15000"
"PAY0035","O0035","2024-01-08","Net Banking","Success","2400"
"PAY0036","O0036","2024-01-08","Cash on Delivery","Success","11000"
"PAY0037","O0037","2024-01-08","Cash on Delivery","Success","18700"
"PAY0038","O0038","2024-01-09","UPI","Success","12600"
"PAY0039","O0039","2024-01-09","Credit Card","Success","5100"
"PAY0040","O0040","2024-01-09","Net Banking","Success","15000"
"PAY0041","O0041","2024-01-09","Debit Card","Success","2720"
"PAY0042","O0042","2024-01-09","Cash on Delivery","Success","22000"
"PAY0043","O0043","2024-01-10","UPI","Success","14000"
"PAY0044","O0044","2024-01-10","Credit Card","Success","13300"
"PAY0045","O0045","2024-01-10","Net Banking","Success","720"
"PAY0046","O0046","2024-01-10","Debit Card","Success","17100"
"PAY0047","O0047","2024-01-11","Cash on Delivery","Success","18700"
"PAY0048","O0048","2024-01-11","UPI","Success","10800"
"PAY0049","O0049","2024-01-11","Credit Card","Success","19800"
"PAY0050","O0050","2024-01-11","Net Banking","Success","42750"
"PAY0051","O0051","2024-01-11","Debit Card","Success","9900"
"PAY0052","O0052","2024-01-12","Cash on Delivery","Success","10200"
"PAY0053","O0053","2024-01-12","UPI","Success","20900"
"PAY0054","O0054","2024-01-12","Credit Card","Success","2660"
"PAY0055","O0055","2024-01-12","Net Banking","Success","3420"
"PAY0056","O0056","2024-01-13","Debit Card","Success","4675"
"PAY0057","O0057","2024-01-13","UPI","Success","10800"
"PAY0058","O0058","2024-01-13","UPI","Success","11900"
"PAY0059","O0059","2024-01-13","Net Banking","Success","7000"
"PAY0060","O0060","2024-01-13","Net Banking","Success","14000"
"PAY0061","O0061","2024-01-14","Debit Card","Success","12750"
"PAY0062","O0062","2024-01-14","UPI","Success","2400"
"PAY0063","O0063","2024-01-14","UPI","Success","11400"
"PAY0064","O0064","2024-01-14","Credit Card","Success","12000"
"PAY0065","O0065","2024-01-14","Net Banking","Success","5600"
"PAY0066","O0066","2024-01-15","Debit Card","Success","12000"
"PAY0067","O0067","2024-01-15","Cash on Delivery","Success","18700"
"PAY0068","O0068","2024-01-15","UPI","Success","12000"
"PAY0069","O0069","2024-01-15","Net Banking","Success","20900"
"PAY0070","O0070","2024-01-16","Net Banking","Success","13300"
"PAY0071","O0071","2024-01-16","Debit Card","Success","1520"
"PAY0072","O0072","2024-01-16","Cash on Delivery","Success","12000"
"PAY0073","O0073","2024-01-16","UPI","Success","1080"
"PAY0074","O0074","2024-01-16","Credit Card","Success","18000"
"PAY0075","O0075","2024-01-17","Net Banking","Success","1360"
"PAY0076","O0076","2024-01-17","Debit Card","Success","17100"
"PAY0077","O0077","2024-01-17","Cash on Delivery","Success","16200"
"PAY0078","O0078","2024-01-17","UPI","Success","5100"
"PAY0079","O0079","2024-01-18","Net Banking","Success","22000"
"PAY0080","O0080","2024-01-18","Net Banking","Success","600"
"PAY0081","O0081","2024-01-18","Debit Card","Success","45000"
"PAY0082","O0082","2024-01-18","UPI","Success","11000"
"PAY0083","O0083","2024-01-18","UPI","Success","3500"
"PAY0084","O0084","2024-01-19","Credit Card","Success","3420"
"PAY0085","O0085","2024-01-19","Net Banking","Success","13300"
"PAY0086","O0086","2024-01-19","Debit Card","Success","45000"
"PAY0087","O0087","2024-01-19","UPI","Success","11000"
"PAY0088","O0088","2024-01-19","UPI","Success","14250"
"PAY0089","O0089","2024-01-20","Credit Card","Success","10200"
"PAY0090","O0090","2024-01-20","Net Banking","Success","12000"
"PAY0091","O0091","2024-01-20","Debit Card","Success","720"
"PAY0092","O0092","2024-01-20","Cash on Delivery","Success","5100"
"PAY0093","O0093","2024-01-21","UPI","Success","38250"
"PAY0094","O0094","2024-01-21","Credit Card","Success","3500"
"PAY0095","O0095","2024-01-21","Net Banking","Success","350"
"PAY0096","O0096","2024-01-21","Debit Card","Success","3500"
"PAY0097","O0097","2024-01-21","UPI","Success","19800"
"PAY0098","O0098","2024-01-22","UPI","Success","1140"
"PAY0099","O0099","2024-01-22","Credit Card","Success","12600"
"PAY0100","O0100","2024-01-22","Debit Card","Success","10800"
"PAY0101","O0101","2024-01-22","Debit Card","Success","14250"
"PAY0102","O0102","2024-01-23","Cash on Delivery","Success","5320"
"PAY0103","O0103","2024-01-23","UPI","Success","14000"
"PAY0104","O0104","2024-01-23","Credit Card","Success","22000"
"PAY0105","O0105","2024-01-23","Net Banking","Success","11900"
"PAY0106","O0106","2024-01-23","Debit Card","Success","1400"
"PAY0107","O0107","2024-01-24","Cash on Delivery","Success","19800"
"PAY0108","O0108","2024-01-24","UPI","Success","12000"
"PAY0109","O0109","2024-01-24","Credit Card","Success","12000"
"PAY0110","O0110","2024-01-24","Net Banking","Success","22000"
"PAY0111","O0111","2024-01-25","Debit Card","Success","7000"
"PAY0112","O0112","2024-01-25","Cash on Delivery","Success","40500"
"PAY0113","O0113","2024-01-25","UPI","Success","14000"
"PAY0114","O0114","2024-01-25","Credit Card","Success","570"
"PAY0115","O0115","2024-01-25","Net Banking","Success","7000"
"PAY0116","O0116","2024-01-26","Debit Card","Success","5600"
"PAY0117","O0117","2024-01-26","Cash on Delivery","Success","5700"
"PAY0118","O0118","2024-01-26","UPI","Success","510"
"PAY0119","O0119","2024-01-26","Credit Card","Success","2800"
"PAY0120","O0120","2024-01-26","Net Banking","Success","3500"
"PAY0121","O0121","2024-01-27","Debit Card","Success","1485"
"PAY0122","O0122","2024-01-27","Cash on Delivery","Success","540"
"PAY0123","O0123","2024-01-27","Credit Card","Success","20900"
"PAY0124","O0124","2024-01-27","Credit Card","Success","14000"
"PAY0125","O0125","2024-01-28","Debit Card","Success","11000"
"PAY0126","O0126","2024-01-28","Debit Card","Success","12750"
"PAY0127","O0127","2024-01-28","Cash on Delivery","Success","11400"
"PAY0128","O0128","2024-01-28","Credit Card","Success","42750"
"PAY0129","O0129","2024-01-28","Credit Card","Success","22000"
"PAY0130","O0130","2024-01-29","Net Banking","Success","2800"
"PAY0131","O0131","2024-01-29","Debit Card","Success","18000"
"PAY0132","O0132","2024-01-29","Cash on Delivery","Success","12000"
"PAY0133","O0133","2024-01-29","UPI","Success","5320"
"PAY0134","O0134","2024-01-30","Net Banking","Success","2800"
"PAY0135","O0135","2024-01-30","Net Banking","Success","45000"
"PAY0136","O0136","2024-01-30","Cash on Delivery","Success","45000"
"PAY0137","O0137","2024-01-30","Cash on Delivery","Success","15300"
"PAY0138","O0138","2024-01-30","Credit Card","Success","18000"
"PAY0139","O0139","2024-01-31","Net Banking","Success","3500"
"PAY0140","O0140","2024-01-31","Net Banking","Success","1800"
"PAY0141","O0141","2024-01-31","Cash on Delivery","Success","12000"
"PAY0142","O0142","2024-01-31","Cash on Delivery","Success","1140"
"PAY0143","O0143","2024-02-01","UPI","Success","16200"
"PAY0144","O0144","2024-02-01","Credit Card","Success","5320"
"PAY0145","O0145","2024-02-01","Debit Card","Success","13300"
"PAY0146","O0146","2024-02-01","Debit Card","Success","2660"
"PAY0147","O0147","2024-02-01","UPI","Success","7000"
"PAY0148","O0148","2024-02-02","UPI","Success","1020"
"PAY0149","O0149","2024-02-02","Credit Card","Success","1020"
"PAY0150","O0150","2024-02-02","Net Banking","Success","1710"
"PAY0151","O0151","2024-02-02","Debit Card","Success","550"
"PAY0152","O0152","2024-02-02","Cash on Delivery","Success","2400"
"PAY0153","O0153","2024-02-03","UPI","Success","2160"
"PAY0154","O0154","2024-02-03","Net Banking","Success","2280"
"PAY0155","O0155","2024-02-03","Net Banking","Success","600"
"PAY0156","O0156","2024-02-03","Debit Card","Success","9350"
"PAY0157","O0157","2024-02-04","Cash on Delivery","Success","5320"
"PAY0158","O0158","2024-02-04","UPI","Success","15000"
"PAY0159","O0159","2024-02-04","Credit Card","Success","2380"
"PAY0160","O0160","2024-02-04","Net Banking","Success","10450"
"PAY0161","O0161","2024-02-04","Debit Card","Success","3600"
"PAY0162","O0162","2024-02-05","Cash on Delivery","Success","1800"
"PAY0163","O0163","2024-02-05","Credit Card","Success","3600"
"PAY0164","O0164","2024-02-05","Credit Card","Success","45000"
"PAY0165","O0165","2024-02-05","Net Banking","Success","4760"
"PAY0166","O0166","2024-02-06","Debit Card","Success","12600"
"PAY0167","O0167","2024-02-06","Cash on Delivery","Success","40500"
"PAY0168","O0168","2024-02-06","UPI","Success","42750"
"PAY0169","O0169","2024-02-06","Credit Card","Success","13300"
"PAY0170","O0170","2024-02-06","Net Banking","Success","3500"
"PAY0171","O0171","2024-02-07","Debit Card","Success","5950"
"PAY0172","O0172","2024-02-07","Cash on Delivery","Success","1800"
"PAY0173","O0173","2024-02-07","UPI","Success","3240"
"PAY0174","O0174","2024-02-07","Net Banking","Success","13500"
"PAY0175","O0175","2024-02-08","Net Banking","Success","1200"
"PAY0176","O0176","2024-02-08","Cash on Delivery","Success","45000"
"PAY0177","O0177","2024-02-08","Cash on Delivery","Success","7000"
"PAY0178","O0178","2024-02-08","UPI","Success","700"
"PAY0179","O0179","2024-02-08","Credit Card","Success","2520"
"PAY0180","O0180","2024-02-09","Net Banking","Success","15000"
"PAY0181","O0181","2024-02-09","Debit Card","Success","10800"
"PAY0182","O0182","2024-02-09","Cash on Delivery","Success","2880"
"PAY0183","O0183","2024-02-09","UPI","Success","12000"
"PAY0184","O0184","2024-02-10","Credit Card","Success","5320"
"PAY0185","O0185","2024-02-10","Net Banking","Success","5400"
"PAY0186","O0186","2024-02-10","Debit Card","Success","6650"
"PAY0187","O0187","2024-02-10","Cash on Delivery","Success","2520"
"PAY0188","O0188","2024-02-10","UPI","Success","5320"
"PAY0189","O0189","2024-02-11","Credit Card","Success","12000"
"PAY0190","O0190","2024-02-11","Debit Card","Success","1530"
"PAY0191","O0191","2024-02-11","Debit Card","Success","16200"
"PAY0192","O0192","2024-02-11","Cash on Delivery","Success","3600"
"PAY0193","O0193","2024-02-11","UPI","Success","5400"
"PAY0194","O0194","2024-02-12","Net Banking","Success","1530"
"PAY0195","O0195","2024-02-12","Net Banking","Success","11000"
"PAY0196","O0196","2024-02-12","Debit Card","Success","10800"
"PAY0197","O0197","2024-02-12","Cash on Delivery","Success","4675"
"PAY0198","O0198","2024-02-13","UPI","Success","5500"
"PAY0199","O0199","2024-02-13","Credit Card","Success","810"
"PAY0200","O0200","2024-02-13","Net Banking","Success","13300"
"PAY0201","O0201","2024-02-13","Cash on Delivery","Success","2040"
"PAY0202","O0202","2024-02-13","Cash on Delivery","Success","285"
"PAY0203","O0203","2024-02-14","UPI","Success","2520"
"PAY0204","O0204","2024-02-14","Credit Card","Success","2280"
"PAY0205","O0205","2024-02-14","Net Banking","Success","40500"
"PAY0206","O0206","2024-02-14","Debit Card","Success","5700"
"PAY0207","O0207","2024-02-15","UPI","Success","15000"
"PAY0208","O0208","2024-02-15","UPI","Success","2280"
"PAY0209","O0209","2024-02-15","Credit Card","Success","5100"
"PAY0210","O0210","2024-02-15","Net Banking","Success","14000"
"PAY0211","O0211","2024-02-15","Debit Card","Success","10200"
"PAY0212","O0212","2024-02-16","Cash on Delivery","Success","2400"
"PAY0213","O0213","2024-02-16","Credit Card","Success","2040"
"PAY0214","O0214","2024-02-16","Credit Card","Success","14000"
"PAY0215","O0215","2024-02-16","Net Banking","Success","40500"
"PAY0216","O0216","2024-02-17","Debit Card","Success","11000"
"PAY0217","O0217","2024-02-17","Cash on Delivery","Success","3600"
"PAY0218","O0218","2024-02-17","UPI","Success","5500"
"PAY0219","O0219","2024-02-17","Net Banking","Success","12600"
"PAY0220","O0220","2024-02-17","Debit Card","Success","6000"
"PAY0221","O0221","2024-02-18","Debit Card","Success","11400"
"PAY0222","O0222","2024-02-18","UPI","Success","3325"
"PAY0223","O0223","2024-02-18","UPI","Success","945"
"PAY0224","O0224","2024-02-18","Credit Card","Success","10450"
"PAY0225","O0225","2024-02-19","Net Banking","Success","6000"
"PAY0226","O0226","2024-02-19","Debit Card","Success","5600"
"PAY0227","O0227","2024-02-19","Cash on Delivery","Success","6650"
"PAY0228","O0228","2024-02-19","UPI","Success","15000"
"PAY0229","O0229","2024-02-19","Credit Card","Success","2660"
"PAY0230","O0230","2024-02-20","Net Banking","Success","1620"
"PAY0231","O0231","2024-02-20","Debit Card","Success","2975"
"PAY0232","O0232","2024-02-20","Cash on Delivery","Success","1330"
"PAY0233","O0233","2024-02-20","UPI","Success","285"
"PAY0234","O0234","2024-02-20","Credit Card","Success","3150"
"PAY0235","O0235","2024-02-21","Net Banking","Success","1100"
"PAY0236","O0236","2024-02-21","Debit Card","Success","3200"
"PAY0237","O0237","2024-02-21","Cash on Delivery","Success","22000"
"PAY0238","O0238","2024-02-21","UPI","Success","15000"
"PAY0239","O0239","2024-02-22","Credit Card","Success","2720"
"PAY0240","O0240","2024-02-22","Net Banking","Success","2400"
"PAY0241","O0241","2024-02-22","Debit Card","Success","6650"
"PAY0242","O0242","2024-02-22","Cash on Delivery","Success","1800"
"PAY0243","O0243","2024-02-22","Credit Card","Success","13500"
"PAY0244","O0244","2024-02-23","Credit Card","Success","570"
"PAY0245","O0245","2024-02-23","Debit Card","Success","11400"
"PAY0246","O0246","2024-02-23","Cash on Delivery","Success","40500"
"PAY0247","O0247","2024-02-23","Cash on Delivery","Success","18000"
"PAY0248","O0248","2024-02-24","UPI","Success","13300"
"PAY0249","O0249","2024-02-24","Credit Card","Success","12600"
"PAY0250","O0250","2024-02-24","Net Banking","Success","16200"
"PAY0251","O0251","2024-02-24","Debit Card","Success","38250"
"PAY0252","O0252","2024-02-24","Cash on Delivery","Success","1620"
"PAY0253","O0253","2024-02-25","UPI","Success","720"
"PAY0254","O0254","2024-02-25","Credit Card","Success","1710"
"PAY0255","O0255","2024-02-25","Net Banking","Success","11900"
"PAY0256","O0256","2024-02-25","Debit Card","Success","45000"
"PAY0257","O0257","2024-02-26","Cash on Delivery","Success","18000"
"PAY0258","O0258","2024-02-26","UPI","Success","700"
"PAY0259","O0259","2024-02-26","Credit Card","Success","15000"
"PAY0260","O0260","2024-02-26","Net Banking","Success","11400"
"PAY0261","O0261","2024-02-26","Debit Card","Success","1800"
"PAY0262","O0262","2024-02-27","Cash on Delivery","Success","13300"
"PAY0263","O0263","2024-02-27","UPI","Success","9350"
"PAY0264","O0264","2024-02-27","Credit Card","Success","5600"
"PAY0265","O0265","2024-02-27","Debit Card","Success","45000"
"PAY0266","O0266","2024-02-28","Debit Card","Success","7000"
"PAY0267","O0267","2024-02-28","Cash on Delivery","Success","3150"
"PAY0268","O0268","2024-02-28","UPI","Success","5225"
"PAY0269","O0269","2024-02-28","Credit Card","Success","22000"
"PAY0270","O0270","2024-02-28","Net Banking","Success","38250"
"PAY0271","O0271","2024-02-29","Debit Card","Success","15000"
"PAY0272","O0272","2024-02-29","UPI","Success","11000"
"PAY0273","O0273","2024-02-29","UPI","Success","18000"
"PAY0274","O0274","2024-02-29","Net Banking","Success","11900"
"PAY0275","O0275","2024-03-01","Net Banking","Success","1485"
"PAY0276","O0276","2024-03-01","Debit Card","Success","425"
"PAY0277","O0277","2024-03-01","Cash on Delivery","Success","1140"
"PAY0278","O0278","2024-03-01","UPI","Success","2975"
"PAY0279","O0279","2024-03-01","Net Banking","Success","2660"
"PAY0280","O0280","2024-03-02","Net Banking","Success","12600"
"PAY0281","O0281","2024-03-02","Cash on Delivery","Success","14000"
"PAY0282","O0282","2024-03-02","Cash on Delivery","Success","18000"
"PAY0283","O0283","2024-03-02","UPI","Success","40500"
"PAY0284","O0284","2024-03-02","Credit Card","Success","16200"
"PAY0285","O0285","2024-03-03","Debit Card","Success","15300"
"PAY0286","O0286","2024-03-03","Cash on Delivery","Success","2040"
"PAY0287","O0287","2024-03-03","Cash on Delivery","Success","18000"
"PAY0288","O0288","2024-03-03","UPI","Success","10800"
"PAY0289","O0289","2024-03-03","Credit Card","Success","18700"
"PAY0290","O0290","2024-03-04","Net Banking","Success","11000"
"PAY0291","O0291","2024-03-04","Cash on Delivery","Success","3500"
"PAY0292","O0292","2024-03-04","Cash on Delivery","Success","11400"
"PAY0293","O0293","2024-03-04","UPI","Success","2520"
"PAY0294","O0294","2024-03-04","Credit Card","Success","11000"
"PAY0295","O0295","2024-03-05","Net Banking","Success","10200"
"PAY0296","O0296","2024-03-05","Debit Card","Success","3325"
"PAY0297","O0297","2024-03-05","Cash on Delivery","Success","12000"
"PAY0298","O0298","2024-03-05","UPI","Success","12600"
"PAY0299","O0299","2024-03-05","Credit Card","Success","14250"
"PAY0300","O0300","2024-03-06","Debit Card","Success","15000"
"PAY0301","O0301","2024-03-06","Debit Card","Success","38250"
"PAY0302","O0302","2024-03-06","Cash on Delivery","Success","2800"
"PAY0303","O0303","2024-03-06","UPI","Success","3325"
"PAY0304","O0304","2024-03-06","Credit Card","Success","1530"
"PAY0305","O0305","2024-03-07","Debit Card","Success","2800"
"PAY0306","O0306","2024-03-07","Debit Card","Success","10200"
"PAY0307","O0307","2024-03-07","Cash on Delivery","Success","22000"
"PAY0308","O0308","2024-03-07","UPI","Success","20900"
"PAY0309","O0309","2024-03-07","Credit Card","Success","10450"
"PAY0310","O0310","2024-03-08","Net Banking","Success","5040"
"PAY0311","O0311","2024-03-08","Debit Card","Success","3600"
"PAY0312","O0312","2024-03-08","Cash on Delivery","Success","6650"
"PAY0313","O0313","2024-03-08","UPI","Success","14000"
"PAY0314","O0314","2024-03-08","Credit Card","Success","3150"
"PAY0315","O0315","2024-03-09","Debit Card","Success","5320"
"PAY0316","O0316","2024-03-09","Debit Card","Success","10800"
"PAY0317","O0317","2024-03-09","Cash on Delivery","Success","45000"
"PAY0318","O0318","2024-03-09","Credit Card","Success","6300"
"PAY0319","O0319","2024-03-09","Credit Card","Success","9900"
"PAY0320","O0320","2024-03-10","Net Banking","Success","40500"
"PAY0321","O0321","2024-03-10","Cash on Delivery","Success","5400"
"PAY0322","O0322","2024-03-10","Cash on Delivery","Success","38250"
"PAY0323","O0323","2024-03-10","UPI","Success","9350"
"PAY0324","O0324","2024-03-10","Credit Card","Success","285"
"PAY0325","O0325","2024-03-11","Net Banking","Success","17100"
"PAY0326","O0326","2024-03-11","Debit Card","Success","12000"
"PAY0327","O0327","2024-03-11","Cash on Delivery","Success","13500"
"PAY0328","O0328","2024-03-11","UPI","Success","14000"
"PAY0329","O0329","2024-03-11","Credit Card","Success","18700"
"PAY0330","O0330","2024-03-12","Debit Card","Success","12000"
"PAY0331","O0331","2024-03-12","Debit Card","Success","14000"
"PAY0332","O0332","2024-03-12","UPI","Success","18000"
"PAY0333","O0333","2024-03-12","UPI","Success","14250"
"PAY0334","O0334","2024-03-12","Credit Card","Success","3500"
"PAY0335","O0335","2024-03-13","Net Banking","Success","13500"
"PAY0336","O0336","2024-03-13","Debit Card","Success","38250"
"PAY0337","O0337","2024-03-13","Cash on Delivery","Success","10200"
"PAY0338","O0338","2024-03-13","Credit Card","Success","14000"
"PAY0339","O0339","2024-03-13","Credit Card","Success","5950"
"PAY0340","O0340","2024-03-14","Net Banking","Success","333"
"PAY0341","O0341","2024-03-14","Debit Card","Success","18700"
"PAY0342","O0342","2024-03-14","Cash on Delivery","Success","6650"
"PAY0343","O0343","2024-03-14","UPI","Success","5225"
"PAY0344","O0344","2024-03-14","Credit Card","Success","1020"
"PAY0345","O0345","2024-03-15","Net Banking","Success","12000"
"PAY0346","O0346","2024-03-15","Debit Card","Success","45000"
"PAY0347","O0347","2024-03-15","UPI","Success","1800"
"PAY0348","O0348","2024-03-15","Credit Card","Success","19800"
"PAY0349","O0349","2024-03-15","Credit Card","Success","5320"
"PAY0350","O0350","2024-03-16","Net Banking","Success","14250"
"PAY0351","O0351","2024-03-16","Debit Card","Success","600"
"PAY0352","O0352","2024-03-16","Cash on Delivery","Success","22000"
"PAY0353","O0353","2024-03-16","UPI","Success","510"
"PAY0354","O0354","2024-03-17","Credit Card","Success","300"
"PAY0355","O0355","2024-03-17","Net Banking","Success","1403"
"PAY0356","O0356","2024-03-17","Debit Card","Success","15300"
"PAY0357","O0357","2024-03-17","UPI","Success","3500"
"PAY0358","O0358","2024-03-17","UPI","Success","2975"
"PAY0359","O0359","2024-03-18","Net Banking","Success","18000"
"PAY0360","O0360","2024-03-18","Net Banking","Success","255"
"PAY0361","O0361","2024-03-18","Debit Card","Success","5500"
"PAY0362","O0362","2024-03-18","Cash on Delivery","Success","5600"
"PAY0363","O0363","2024-03-18","UPI","Success","1800"
"PAY0364","O0364","2024-03-19","Net Banking","Success","19800"
"PAY0365","O0365","2024-03-19","Net Banking","Success","13300"
"PAY0366","O0366","2024-03-19","Debit Card","Success","16200"
"PAY0367","O0367","2024-03-19","Cash on Delivery","Success","3325"
"PAY0368","O0368","2024-03-19","UPI","Success","10200"
"PAY0369","O0369","2024-03-20","Credit Card","Success","9900"
"PAY0370","O0370","2024-03-20","Net Banking","Success","45000"
"PAY0371","O0371","2024-03-20","Debit Card","Success","11400"
"PAY0372","O0372","2024-03-20","Cash on Delivery","Success","19800"
"PAY0373","O0373","2024-03-20","UPI","Success","40500"
"PAY0374","O0374","2024-03-21","Credit Card","Success","1020"
"PAY0375","O0375","2024-03-21","Net Banking","Success","14000"
"PAY0376","O0376","2024-03-21","Debit Card","Success","3240"
"PAY0377","O0377","2024-03-21","UPI","Success","10800"
"PAY0378","O0378","2024-03-21","UPI","Success","1800"
"PAY0379","O0379","2024-03-22","Credit Card","Success","700"
"PAY0380","O0380","2024-03-22","Net Banking","Success","2720"
"PAY0381","O0381","2024-03-22","Cash on Delivery","Success","1710"
"PAY0382","O0382","2024-03-22","UPI","Success","500"
"PAY0383","O0383","2024-03-22","Credit Card","Success","800"
"PAY0384","O0384","2024-03-23","Net Banking","Success","3150"
"PAY0385","O0385","2024-03-23","Net Banking","Success","1045"
"PAY0386","O0386","2024-03-23","Debit Card","Success","3500"
"PAY0387","O0387","2024-03-23","Cash on Delivery","Success","10200"
"PAY0388","O0388","2024-03-23","UPI","Success","15000"
"PAY0389","O0389","2024-03-24","Credit Card","Success","11400"
"PAY0390","O0390","2024-03-24","Net Banking","Success","15000"
"PAY0391","O0391","2024-03-24","Debit Card","Success","40500"
"PAY0392","O0392","2024-03-24","UPI","Success","13300"
"PAY0393","O0393","2024-03-24","UPI","Success","20900"
"PAY0394","O0394","2024-03-25","Credit Card","Success","45000"
"PAY0395","O0395","2024-03-25","Net Banking","Success","45000"
"PAY0396","O0396","2024-03-25","Debit Card","Success","13500"
"PAY0397","O0397","2024-03-25","Cash on Delivery","Success","11400"
"PAY0398","O0398","2024-03-25","Credit Card","Success","16200"
"PAY0399","O0399","2024-03-26","Credit Card","Success","600"
"PAY0400","O0400","2024-03-26","Net Banking","Success","11000"
"PAY0401","O0401","2024-03-26","Debit Card","Success","14000"
"PAY0402","O0402","2024-03-26","Cash on Delivery","Success","12000"
"PAY0403","O0403","2024-03-26","UPI","Success","2800"
"PAY0404","O0404","2024-03-27","Credit Card","Success","4760"
"PAY0405","O0405","2024-03-27","Net Banking","Success","7000"
"PAY0406","O0406","2024-03-27","Debit Card","Success","5320"
"PAY0407","O0407","2024-03-27","Cash on Delivery","Success","45000"
"PAY0408","O0408","2024-03-27","UPI","Success","500"
"PAY0409","O0409","2024-03-28","Credit Card","Success","12000"
"PAY0410","O0410","2024-03-28","Debit Card","Success","1620"
"PAY0411","O0411","2024-03-28","Debit Card","Success","5500"
"PAY0412","O0412","2024-03-28","Cash on Delivery","Success","2800"
"PAY0413","O0413","2024-03-28","UPI","Success","6000"
"PAY0414","O0414","2024-03-29","Credit Card","Success","13300"
"PAY0415","O0415","2024-03-29","Net Banking","Success","1440"
"PAY0416","O0416","2024-03-29","Debit Card","Success","15000"
"PAY0417","O0417","2024-03-29","Cash on Delivery","Success","800"
"PAY0418","O0418","2024-03-29","UPI","Success","1620"
"PAY0419","O0419","2024-03-30","Credit Card","Success","5500"
"PAY0420","O0420","2024-03-30","Net Banking","Success","950"
"PAY0421","O0421","2024-03-30","Debit Card","Success","2975"
"PAY0422","O0422","2024-03-30","Cash on Delivery","Success","10450"
"PAY0423","O0423","2024-03-30","UPI","Success","1020"
"PAY0424","O0424","2024-03-31","Net Banking","Success","600"
"PAY0425","O0425","2024-03-31","Net Banking","Success","6300"
"PAY0426","O0426","2024-03-31","Debit Card","Success","5950"
"PAY0427","O0427","2024-03-31","Cash on Delivery","Success","10200"
"PAY0428","O0428","2024-04-01","UPI","Success","595"
"PAY0429","O0429","2024-04-01","Credit Card","Success","5700"
"PAY0430","O0430","2024-04-01","Net Banking","Success","2520"
"PAY0431","O0431","2024-04-01","Debit Card","Success","15000"
"PAY0432","O0432","2024-04-01","Cash on Delivery","Success","22000"
"PAY0433","O0433","2024-04-02","UPI","Success","250"
"PAY0434","O0434","2024-04-02","Credit Card","Success","5700"
"PAY0435","O0435","2024-04-02","Net Banking","Success","510"
"PAY0436","O0436","2024-04-02","Debit Card","Success","540"
"PAY0437","O0437","2024-04-02","Cash on Delivery","Success","12000"
"PAY0438","O0438","2024-04-03","UPI","Success","12750"
"PAY0439","O0439","2024-04-03","Credit Card","Success","6000"
"PAY0440","O0440","2024-04-03","Net Banking","Success","13500"
"PAY0441","O0441","2024-04-03","Debit Card","Success","550"
"PAY0442","O0442","2024-04-03","Cash on Delivery","Success","12000"
"PAY0443","O0443","2024-04-04","UPI","Success","2280"
"PAY0444","O0444","2024-04-04","Credit Card","Success","20900"
"PAY0445","O0445","2024-04-04","Debit Card","Success","20900"
"PAY0446","O0446","2024-04-04","Debit Card","Success","1530"
"PAY0447","O0447","2024-04-04","Cash on Delivery","Success","4950"
"PAY0448","O0448","2024-04-05","UPI","Success","12600"
"PAY0449","O0449","2024-04-05","Credit Card","Success","15000"
"PAY0450","O0450","2024-04-05","Net Banking","Success","4675"
"PAY0451","O0451","2024-04-05","Debit Card","Success","5600"
"PAY0452","O0452","2024-04-05","UPI","Success","12600"
"PAY0453","O0453","2024-04-06","Credit Card","Success","5400"
"PAY0454","O0454","2024-04-06","Net Banking","Success","22000"
"PAY0455","O0455","2024-04-06","Debit Card","Success","22000"
"PAY0456","O0456","2024-04-06","Debit Card","Success","6300"
"PAY0457","O0457","2024-04-06","Cash on Delivery","Success","1045"
"PAY0458","O0458","2024-04-07","UPI","Success","38250"
"PAY0459","O0459","2024-04-07","Net Banking","Success","10800"
"PAY0460","O0460","2024-04-07","Debit Card","Success","9350"
"PAY0461","O0461","2024-04-07","Debit Card","Success","1200"
"PAY0462","O0462","2024-04-07","Cash on Delivery","Success","2280"
"PAY0463","O0463","2024-04-08","UPI","Success","2160"
"PAY0464","O0464","2024-04-08","Credit Card","Success","42750"
"PAY0465","O0465","2024-04-08","Net Banking","Success","12600"
"PAY0466","O0466","2024-04-08","Debit Card","Success","11000"
"PAY0467","O0467","2024-04-08","Cash on Delivery","Success","22000"
"PAY0468","O0468","2024-04-09","UPI","Success","3500"
"PAY0469","O0469","2024-04-09","Credit Card","Success","2975"
"PAY0470","O0470","2024-04-09","Net Banking","Success","14250"
"PAY0471","O0471","2024-04-09","Debit Card","Success","4675"
"PAY0472","O0472","2024-04-09","UPI","Success","2400"
"PAY0473","O0473","2024-04-10","Credit Card","Success","1710"
"PAY0474","O0474","2024-04-10","Credit Card","Success","17100"
"PAY0475","O0475","2024-04-10","Net Banking","Success","42750"
"PAY0476","O0476","2024-04-10","Debit Card","Success","3325"
"PAY0477","O0477","2024-04-10","Cash on Delivery","Success","270"
"PAY0478","O0478","2024-04-11","UPI","Success","3500"
"PAY0479","O0479","2024-04-11","Credit Card","Success","11000"
"PAY0480","O0480","2024-04-11","Net Banking","Success","12750"
"PAY0481","O0481","2024-04-11","Debit Card","Success","10800"
"PAY0482","O0482","2024-04-11","Cash on Delivery","Success","5700"
"PAY0483","O0483","2024-04-12","UPI","Success","14000"
"PAY0484","O0484","2024-04-12","Credit Card","Success","14250"
"PAY0485","O0485","2024-04-12","Debit Card","Success","11900"
"PAY0486","O0486","2024-04-12","Cash on Delivery","Success","18700"
"PAY0487","O0487","2024-04-12","Cash on Delivery","Success","2380"
"PAY0488","O0488","2024-04-13","Credit Card","Success","18000"
"PAY0489","O0489","2024-04-13","Credit Card","Success","22000"
"PAY0490","O0490","2024-04-13","Net Banking","Success","1200"
"PAY0491","O0491","2024-04-13","Debit Card","Success","1200"
"PAY0492","O0492","2024-04-13","UPI","Success","6300"
"PAY0493","O0493","2024-04-14","UPI","Success","713"
"PAY0494","O0494","2024-04-14","Credit Card","Success","1020"
"PAY0495","O0495","2024-04-14","Net Banking","Success","5500"
"PAY0496","O0496","2024-04-14","Debit Card","Success","45000"
"PAY0497","O0497","2024-04-14","Cash on Delivery","Success","6300"
"PAY0498","O0498","2024-04-15","UPI","Success","17100"
"PAY0499","O0499","2024-04-15","Credit Card","Success","12000"
"PAY0500","O0500","2024-04-15","Net Banking","Success","2800"
"PAY0501","O0501","2024-04-15","Debit Card","Success","5500"
"PAY0502","O0502","2024-04-16","Cash on Delivery","Success","22000"
"PAY0503","O0503","2024-04-16","UPI","Success","13500"
"PAY0504","O0504","2024-04-16","Credit Card","Success","14000"
"PAY0505","O0505","2024-04-16","Net Banking","Success","11400"
"PAY0506","O0506","2024-04-16","Debit Card","Success","12600"
"PAY0507","O0507","2024-04-17","Cash on Delivery","Success","2660"
"PAY0508","O0508","2024-04-17","UPI","Success","16200"
"PAY0509","O0509","2024-04-17","Credit Card","Success","9900"
"PAY0510","O0510","2024-04-17","Debit Card","Success","10450"
"PAY0511","O0511","2024-04-17","Cash on Delivery","Success","12600"
"PAY0512","O0512","2024-04-18","Cash on Delivery","Success","5225"
"PAY0513","O0513","2024-04-18","UPI","Success","20900"
"PAY0514","O0514","2024-04-18","Credit Card","Success","13300"
"PAY0515","O0515","2024-04-18","Net Banking","Success","2520"
"PAY0516","O0516","2024-04-18","Debit Card","Success","550"
"PAY0517","O0517","2024-04-19","Cash on Delivery","Success","5950"
"PAY0518","O0518","2024-04-19","UPI","Success","15000"
"PAY0519","O0519","2024-04-19","Credit Card","Success","9350"
"PAY0520","O0520","2024-04-19","Net Banking","Success","20900"
"PAY0521","O0521","2024-04-19","Debit Card","Success","22000"
"PAY0522","O0522","2024-04-20","Cash on Delivery","Success","4675"
"PAY0523","O0523","2024-04-20","UPI","Success","12600"
"PAY0524","O0524","2024-04-20","Credit Card","Success","315"
"PAY0525","O0525","2024-04-20","Net Banking","Success","10200"
"PAY0526","O0526","2024-04-20","Debit Card","Success","1050"
"PAY0527","O0527","2024-04-21","Cash on Delivery","Success","4675"
"PAY0528","O0528","2024-04-21","UPI","Success","550"
"PAY0529","O0529","2024-04-21","Credit Card","Success","9900"
"PAY0530","O0530","2024-04-21","Net Banking","Success","15000"
"PAY0531","O0531","2024-04-21","Debit Card","Success","45000"
"PAY0532","O0532","2024-04-22","Cash on Delivery","Success","7000"
"PAY0533","O0533","2024-04-22","UPI","Success","18000"
"PAY0534","O0534","2024-04-22","Credit Card","Success","10800"
"PAY0535","O0535","2024-04-22","Net Banking","Success","38250"
"PAY0536","O0536","2024-04-22","Cash on Delivery","Success","20900"
"PAY0537","O0537","2024-04-23","Cash on Delivery","Success","250"
"PAY0538","O0538","2024-04-23","UPI","Success","13300"
"PAY0539","O0539","2024-04-23","Credit Card","Success","2280"
"PAY0540","O0540","2024-04-23","Net Banking","Success","9900"
"PAY0541","O0541","2024-04-23","Debit Card","Success","18000"
"PAY0542","O0542","2024-04-24","UPI","Success","5040"
"PAY0543","O0543","2024-04-24","UPI","Success","45000"
"PAY0544","O0544","2024-04-24","Net Banking","Success","42750"
"PAY0545","O0545","2024-04-24","Net Banking","Success","10800"
"PAY0546","O0546","2024-04-24","Debit Card","Success","14000"
"PAY0547","O0547","2024-04-25","Cash on Delivery","Success","13300"
"PAY0548","O0548","2024-04-25","Credit Card","Success","1200"
"PAY0549","O0549","2024-04-25","Credit Card","Success","5100"
"PAY0550","O0550","2024-04-25","Net Banking","Success","990"
"PAY0551","O0551","2024-04-25","Debit Card","Success","17100"
"PAY0552","O0552","2024-04-26","Cash on Delivery","Success","40500"
"PAY0553","O0553","2024-04-26","Credit Card","Success","12000"
"PAY0554","O0554","2024-04-26","Net Banking","Success","2400"
"PAY0555","O0555","2024-04-26","Net Banking","Success","11000"
"PAY0556","O0556","2024-04-26","Debit Card","Success","1710"
"PAY0557","O0557","2024-04-27","Cash on Delivery","Success","10800"
"PAY0558","O0558","2024-04-27","UPI","Success","1020"
"PAY0559","O0559","2024-04-27","Credit Card","Success","10450"
"PAY0560","O0560","2024-04-27","Net Banking","Success","20900"
"PAY0561","O0561","2024-04-27","Debit Card","Success","17100"
"PAY0562","O0562","2024-04-28","Cash on Delivery","Success","680"
"PAY0563","O0563","2024-04-28","Credit Card","Success","238"
"PAY0564","O0564","2024-04-28","Credit Card","Success","20900"
"PAY0565","O0565","2024-04-28","Net Banking","Success","3325"
"PAY0566","O0566","2024-04-28","Debit Card","Success","9350"
"PAY0567","O0567","2024-04-29","UPI","Success","5320"
"PAY0568","O0568","2024-04-29","UPI","Success","2400"
"PAY0569","O0569","2024-04-29","Credit Card","Success","17100"
"PAY0570","O0570","2024-04-29","Net Banking","Success","15000"
"PAY0571","O0571","2024-04-29","Debit Card","Success","3500"
"PAY0572","O0572","2024-04-30","Cash on Delivery","Success","5500"
"PAY0573","O0573","2024-04-30","UPI","Success","14000"
"PAY0574","O0574","2024-04-30","Credit Card","Success","5040"
"PAY0575","O0575","2024-04-30","Net Banking","Success","3500"
"PAY0576","O0576","2024-05-01","Debit Card","Success","350"
"PAY0577","O0577","2024-05-01","Cash on Delivery","Success","10800"
"PAY0578","O0578","2024-05-01","UPI","Success","42750"
"PAY0579","O0579","2024-05-01","Credit Card","Success","1800"
"PAY0580","O0580","2024-05-01","Net Banking","Success","2800"
"PAY0581","O0581","2024-05-02","Debit Card","Success","45000"
"PAY0582","O0582","2024-05-02","Cash on Delivery","Success","40500"
"PAY0583","O0583","2024-05-02","UPI","Success","5600"
"PAY0584","O0584","2024-05-02","Credit Card","Success","4675"
"PAY0585","O0585","2024-05-02","Net Banking","Success","6000"
"PAY0586","O0586","2024-05-03","Debit Card","Success","1140"
"PAY0587","O0587","2024-05-03","UPI","Success","5400"
"PAY0588","O0588","2024-05-03","UPI","Success","18000"
"PAY0589","O0589","2024-05-03","Credit Card","Success","15000"
"PAY0590","O0590","2024-05-03","Debit Card","Success","10450"
"PAY0591","O0591","2024-05-04","Debit Card","Success","12000"
"PAY0592","O0592","2024-05-04","Cash on Delivery","Success","2040"
"PAY0593","O0593","2024-05-04","UPI","Success","998"
"PAY0594","O0594","2024-05-04","Credit Card","Success","570"
"PAY0595","O0595","2024-05-04","Net Banking","Success","1200"
"PAY0596","O0596","2024-05-05","Debit Card","Success","5500"
"PAY0597","O0597","2024-05-05","Cash on Delivery","Success","4950"
"PAY0598","O0598","2024-05-05","UPI","Success","945"
"PAY0599","O0599","2024-05-05","Credit Card","Success","1800"
"PAY0600","O0600","2024-05-05","Net Banking","Success","45000"
"PAY0601","O0601","2024-05-06","Debit Card","Success","2800"
"PAY0602","O0602","2024-05-06","Cash on Delivery","Success","13300"
"PAY0603","O0603","2024-05-06","Credit Card","Success","7000"
"PAY0604","O0604","2024-05-06","Credit Card","Success","13500"
"PAY0605","O0605","2024-05-06","Net Banking","Success","10200"
"PAY0606","O0606","2024-05-07","Debit Card","Success","22000"
"PAY0607","O0607","2024-05-07","Cash on Delivery","Success","17100"
"PAY0608","O0608","2024-05-07","UPI","Success","14250"
"PAY0609","O0609","2024-05-07","Credit Card","Success","16200"
"PAY0610","O0610","2024-05-08","Net Banking","Success","3240"
"PAY0611","O0611","2024-05-08","Debit Card","Success","15000"
"PAY0612","O0612","2024-05-08","Cash on Delivery","Success","600"
"PAY0613","O0613","2024-05-08","Credit Card","Success","42750"
"PAY0614","O0614","2024-05-08","Credit Card","Success","1710"
"PAY0615","O0615","2024-05-09","Net Banking","Success","5700"
"PAY0616","O0616","2024-05-09","Debit Card","Success","5225"
"PAY0617","O0617","2024-05-09","Cash on Delivery","Success","11000"
"PAY0618","O0618","2024-05-09","UPI","Success","2975"
"PAY0619","O0619","2024-05-09","Credit Card","Success","14250"
"PAY0620","O0620","2024-05-10","Net Banking","Success","1200"
"PAY0621","O0621","2024-05-10","Cash on Delivery","Success","2280"
"PAY0622","O0622","2024-05-10","Cash on Delivery","Success","3420"
"PAY0623","O0623","2024-05-10","UPI","Success","11000"
"PAY0624","O0624","2024-05-10","Credit Card","Success","18000"
"PAY0625","O0625","2024-05-11","Net Banking","Success","12000"
"PAY0626","O0626","2024-05-11","Cash on Delivery","Success","12000"
"PAY0627","O0627","2024-05-11","Cash on Delivery","Success","42750"
"PAY0628","O0628","2024-05-11","UPI","Success","500"
"PAY0629","O0629","2024-05-11","Credit Card","Success","250"
"PAY0630","O0630","2024-05-12","Net Banking","Success","14250"
"PAY0631","O0631","2024-05-12","Debit Card","Success","5700"
"PAY0632","O0632","2024-05-12","Cash on Delivery","Success","14000"
"PAY0633","O0633","2024-05-12","UPI","Success","9900"
"PAY0634","O0634","2024-05-12","Credit Card","Success","15000"
"PAY0635","O0635","2024-05-13","Net Banking","Success","1260"
"PAY0636","O0636","2024-05-13","Cash on Delivery","Success","2160"
"PAY0637","O0637","2024-05-13","Cash on Delivery","Success","2280"
"PAY0638","O0638","2024-05-13","Credit Card","Success","3325"
"PAY0639","O0639","2024-05-14","Credit Card","Success","10800"
"PAY0640","O0640","2024-05-14","Net Banking","Success","14000"
"PAY0641","O0641","2024-05-14","Debit Card","Success","17100"
"PAY0642","O0642","2024-05-14","UPI","Success","45000"
"PAY0643","O0643","2024-05-14","UPI","Success","7000"
"PAY0644","O0644","2024-05-15","Credit Card","Success","38250"
"PAY0645","O0645","2024-05-15","Debit Card","Success","12600"
"PAY0646","O0646","2024-05-15","Debit Card","Success","13500"
"PAY0647","O0647","2024-05-15","Cash on Delivery","Success","6650"
"PAY0648","O0648","2024-05-15","UPI","Success","15000"
"PAY0649","O0649","2024-05-16","Credit Card","Success","11900"
"PAY0650","O0650","2024-05-16","Debit Card","Success","12000"
"PAY0651","O0651","2024-05-16","Debit Card","Success","7000"
"PAY0652","O0652","2024-05-16","UPI","Success","3500"
"PAY0653","O0653","2024-05-16","UPI","Success","40500"
"PAY0654","O0654","2024-05-17","Net Banking","Success","510"
"PAY0655","O0655","2024-05-17","Net Banking","Success","10200"
"PAY0656","O0656","2024-05-17","Debit Card","Success","12750"
"PAY0657","O0657","2024-05-17","Cash on Delivery","Success","10800"
"PAY0658","O0658","2024-05-17","UPI","Success","13300"
"PAY0659","O0659","2024-05-18","Credit Card","Success","5700"
"PAY0660","O0660","2024-05-18","Debit Card","Success","45000"
"PAY0661","O0661","2024-05-18","Debit Card","Success","700"
"PAY0662","O0662","2024-05-18","Cash on Delivery","Success","19800"
"PAY0663","O0663","2024-05-18","UPI","Success","5600"
"PAY0664","O0664","2024-05-19","Credit Card","Success","18000"
"PAY0665","O0665","2024-05-19","Net Banking","Success","2200"
"PAY0666","O0666","2024-05-19","Debit Card","Success","12000"
"PAY0667","O0667","2024-05-19","Cash on Delivery","Success","22000"
"PAY0668","O0668","2024-05-20","UPI","Success","6650"
"PAY0669","O0669","2024-05-20","Credit Card","Success","5600"
"PAY0670","O0670","2024-05-20","Net Banking","Success","2160"
"PAY0671","O0671","2024-05-20","Debit Card","Success","3500"
"PAY0672","O0672","2024-05-20","Cash on Delivery","Success","12000"
"PAY0673","O0673","2024-05-21","UPI","Success","3150"
"PAY0674","O0674","2024-05-21","Credit Card","Success","1520"
"PAY0675","O0675","2024-05-21","Net Banking","Success","22000"
"PAY0676","O0676","2024-05-21","Debit Card","Success","14000"
"PAY0677","O0677","2024-05-21","Cash on Delivery","Success","2660"
"PAY0678","O0678","2024-05-22","UPI","Success","38250"
"PAY0679","O0679","2024-05-22","Net Banking","Success","2380"
"PAY0680","O0680","2024-05-22","Net Banking","Success","1710"
"PAY0681","O0681","2024-05-22","Debit Card","Success","3325"
"PAY0682","O0682","2024-05-22","Cash on Delivery","Success","5400"
"PAY0683","O0683","2024-05-23","UPI","Success","12000"
"PAY0684","O0684","2024-05-23","Net Banking","Success","3240"
"PAY0685","O0685","2024-05-23","Net Banking","Success","12000"
"PAY0686","O0686","2024-05-23","Debit Card","Success","11400"
"PAY0687","O0687","2024-05-23","Cash on Delivery","Success","3150"
"PAY0688","O0688","2024-05-24","Credit Card","Success","5500"
"PAY0689","O0689","2024-05-24","Net Banking","Success","12000"
"PAY0690","O0690","2024-05-24","Net Banking","Success","18700"
"PAY0691","O0691","2024-05-24","Debit Card","Success","12600"
"PAY0692","O0692","2024-05-24","Cash on Delivery","Success","5400"
"PAY0693","O0693","2024-05-25","UPI","Success","2520"
"PAY0694","O0694","2024-05-25","Credit Card","Success","1020"
"PAY0695","O0695","2024-05-25","Debit Card","Success","19800"
"PAY0696","O0696","2024-05-25","Cash on Delivery","Success","12000"
"PAY0697","O0697","2024-05-26","UPI","Success","11900"
"PAY0698","O0698","2024-05-26","UPI","Success","680"
"PAY0699","O0699","2024-05-26","Credit Card","Success","11000"
"PAY0700","O0700","2024-05-26","Net Banking","Success","12600"
"PAY0701","O0701","2024-05-26","Cash on Delivery","Success","11900"
"PAY0702","O0702","2024-05-27","UPI","Success","600"
"PAY0703","O0703","2024-05-27","UPI","Success","2660"
"PAY0704","O0704","2024-05-27","Credit Card","Success","1530"
"PAY0705","O0705","2024-05-27","Net Banking","Success","42750"
"PAY0706","O0706","2024-05-27","Debit Card","Success","6650"
"PAY0707","O0707","2024-05-28","Cash on Delivery","Success","5700"
"PAY0708","O0708","2024-05-28","UPI","Success","5950"
"PAY0709","O0709","2024-05-28","Credit Card","Success","40500"
"PAY0710","O0710","2024-05-28","Net Banking","Success","4760"
"PAY0711","O0711","2024-05-28","Debit Card","Success","5040"
"PAY0712","O0712","2024-05-29","Cash on Delivery","Success","42750"
"PAY0713","O0713","2024-05-29","UPI","Success","42750"
"PAY0714","O0714","2024-05-29","Credit Card","Success","1710"
"PAY0715","O0715","2024-05-29","Debit Card","Success","9350"
"PAY0716","O0716","2024-05-29","Debit Card","Success","5950"
"PAY0717","O0717","2024-05-30","Cash on Delivery","Success","13300"
"PAY0718","O0718","2024-05-30","UPI","Success","10200"
"PAY0719","O0719","2024-05-30","Credit Card","Success","1530"
"PAY0720","O0720","2024-05-30","Net Banking","Success","765"
"PAY0721","O0721","2024-05-30","Debit Card","Success","14250"
"PAY0722","O0722","2024-05-31","Cash on Delivery","Success","10800"
"PAY0723","O0723","2024-05-31","UPI","Success","12000"
"PAY0724","O0724","2024-05-31","Net Banking","Success","7000"
"PAY0725","O0725","2024-05-31","Net Banking","Success","13500"
"PAY0726","O0726","2024-06-01","Debit Card","Success","765"
"PAY0727","O0727","2024-06-01","Cash on Delivery","Success","11400"
"PAY0728","O0728","2024-06-01","UPI","Success","14250"
"PAY0729","O0729","2024-06-01","Credit Card","Success","11900"
"PAY0730","O0730","2024-06-01","Net Banking","Success","17100"
"PAY0731","O0731","2024-06-02","Debit Card","Success","19800"
"PAY0732","O0732","2024-06-02","Cash on Delivery","Success","11000"
"PAY0733","O0733","2024-06-02","UPI","Success","13500"
"PAY0734","O0734","2024-06-02","Credit Card","Success","2040"
"PAY0735","O0735","2024-06-02","Net Banking","Success","2975"
"PAY0736","O0736","2024-06-03","Debit Card","Success","3060"
"PAY0737","O0737","2024-06-03","Cash on Delivery","Success","45000"
"PAY0738","O0738","2024-06-03","UPI","Success","2800"
"PAY0739","O0739","2024-06-03","Credit Card","Success","3325"
"PAY0740","O0740","2024-06-03","Net Banking","Success","18000"
"PAY0741","O0741","2024-06-04","Cash on Delivery","Success","18700"
"PAY0742","O0742","2024-06-04","Cash on Delivery","Success","5500"
"PAY0743","O0743","2024-06-04","Credit Card","Success","3500"
"PAY0744","O0744","2024-06-04","Credit Card","Success","38250"
"PAY0745","O0745","2024-06-04","Net Banking","Success","17100"
"PAY0746","O0746","2024-06-05","Debit Card","Success","18000"
"PAY0747","O0747","2024-06-05","Cash on Delivery","Success","713"
"PAY0748","O0748","2024-06-05","UPI","Success","12000"
"PAY0749","O0749","2024-06-05","Credit Card","Success","18000"
"PAY0750","O0750","2024-06-05","Net Banking","Success","10200"
"PAY0751","O0751","2024-06-06","Cash on Delivery","Success","4760"
"PAY0752","O0752","2024-06-06","Cash on Delivery","Success","20900"
"PAY0753","O0753","2024-06-06","UPI","Success","1520"
"PAY0754","O0754","2024-06-06","Credit Card","Success","950"
"PAY0755","O0755","2024-06-06","Net Banking","Success","2380"
"PAY0756","O0756","2024-06-07","Debit Card","Success","11000"
"PAY0757","O0757","2024-06-07","Cash on Delivery","Success","1330"
"PAY0758","O0758","2024-06-07","UPI","Success","3500"
"PAY0759","O0759","2024-06-07","Credit Card","Success","45000"
"PAY0760","O0760","2024-06-07","Net Banking","Success","13300"
"PAY0761","O0761","2024-06-08","Debit Card","Success","2975"
"PAY0762","O0762","2024-06-08","Cash on Delivery","Success","3240"
"PAY0763","O0763","2024-06-08","UPI","Success","40500"
"PAY0764","O0764","2024-06-08","Credit Card","Success","18700"
"PAY0765","O0765","2024-06-08","Net Banking","Success","6650"
"PAY0766","O0766","2024-06-09","Debit Card","Success","510"
"PAY0767","O0767","2024-06-09","Cash on Delivery","Success","1520"
"PAY0768","O0768","2024-06-09","UPI","Success","1140"
"PAY0769","O0769","2024-06-09","Credit Card","Success","13300"
"PAY0770","O0770","2024-06-09","Net Banking","Success","3500"
"PAY0771","O0771","2024-06-10","Cash on Delivery","Success","20900"
"PAY0772","O0772","2024-06-10","UPI","Success","6000"
"PAY0773","O0773","2024-06-10","UPI","Success","935"
"PAY0774","O0774","2024-06-10","Credit Card","Success","16200"
"PAY0775","O0775","2024-06-11","Net Banking","Success","10800"
"PAY0776","O0776","2024-06-11","Debit Card","Success","13300"
"PAY0777","O0777","2024-06-11","Cash on Delivery","Success","18000"
"PAY0778","O0778","2024-06-11","UPI","Success","998"
"PAY0779","O0779","2024-06-11","Credit Card","Success","22000"
"PAY0780","O0780","2024-06-12","Net Banking","Success","10200"
"PAY0781","O0781","2024-06-12","Debit Card","Success","40500"
"PAY0782","O0782","2024-06-12","Cash on Delivery","Success","12750"
"PAY0783","O0783","2024-06-12","UPI","Success","1800"
"PAY0784","O0784","2024-06-12","Credit Card","Success","15000"
"PAY0785","O0785","2024-06-13","Net Banking","Success","13300"
"PAY0786","O0786","2024-06-13","Debit Card","Success","3150"
"PAY0787","O0787","2024-06-13","UPI","Success","20900"
"PAY0788","O0788","2024-06-13","UPI","Success","11400"
"PAY0789","O0789","2024-06-13","Credit Card","Success","45000"
"PAY0790","O0790","2024-06-14","Net Banking","Success","2520"
"PAY0791","O0791","2024-06-14","Debit Card","Success","1800"
"PAY0792","O0792","2024-06-14","Cash on Delivery","Success","12600"
"PAY0793","O0793","2024-06-14","UPI","Success","3325"
"PAY0794","O0794","2024-06-14","Credit Card","Success","5225"
"PAY0795","O0795","2024-06-15","Net Banking","Success","13300"
"PAY0796","O0796","2024-06-15","Debit Card","Success","18000"
"PAY0797","O0797","2024-06-15","Cash on Delivery","Success","13500"
"PAY0798","O0798","2024-06-15","UPI","Success","5040"
"PAY0799","O0799","2024-06-15","Credit Card","Success","1050"
"PAY0800","O0800","2024-06-16","Net Banking","Success","13300"
"PAY0801","O0801","2024-06-16","Debit Card","Success","2800"
"PAY0802","O0802","2024-06-16","Cash on Delivery","Success","3325"
"PAY0803","O0803","2024-06-16","UPI","Success","45000"
"PAY0804","O0804","2024-06-16","Credit Card","Success","22000"
"PAY0805","O0805","2024-06-17","Net Banking","Success","2520"
"PAY0806","O0806","2024-06-17","Debit Card","Success","2520"
"PAY0807","O0807","2024-06-17","Cash on Delivery","Success","10800"
"PAY0808","O0808","2024-06-17","UPI","Success","40500"
"PAY0809","O0809","2024-06-17","Credit Card","Success","1080"
"PAY0810","O0810","2024-06-18","Net Banking","Success","13300"
"PAY0811","O0811","2024-06-18","Debit Card","Success","475"
"PAY0812","O0812","2024-06-18","UPI","Success","12000"
"PAY0813","O0813","2024-06-18","Credit Card","Success","1200"
"PAY0814","O0814","2024-06-18","Net Banking","Success","1620"
"PAY0815","O0815","2024-06-19","Net Banking","Success","5225"
"PAY0816","O0816","2024-06-19","Debit Card","Success","42750"
"PAY0817","O0817","2024-06-19","Cash on Delivery","Success","300"
"PAY0818","O0818","2024-06-19","UPI","Success","2520"
"PAY0819","O0819","2024-06-19","Credit Card","Success","2090"
"PAY0820","O0820","2024-06-20","Debit Card","Success","18700"
"PAY0821","O0821","2024-06-20","Cash on Delivery","Success","7000"
"PAY0822","O0822","2024-06-20","Cash on Delivery","Success","6650"
"PAY0823","O0823","2024-06-20","UPI","Success","2280"
"PAY0824","O0824","2024-06-21","Credit Card","Success","20900"
"PAY0825","O0825","2024-06-21","Net Banking","Success","5600"
"PAY0826","O0826","2024-06-21","Debit Card","Success","6000"
"PAY0827","O0827","2024-06-21","Cash on Delivery","Success","3200"
"PAY0828","O0828","2024-06-21","UPI","Success","550"
"PAY0829","O0829","2024-06-22","Credit Card","Success","2520"
"PAY0830","O0830","2024-06-22","Net Banking","Success","5950"
"PAY0831","O0831","2024-06-22","Debit Card","Success","3500"
"PAY0832","O0832","2024-06-22","Cash on Delivery","Success","45000"
"PAY0833","O0833","2024-06-22","UPI","Success","3500"
"PAY0834","O0834","2024-06-23","Credit Card","Success","45000"
"PAY0835","O0835","2024-06-23","Net Banking","Success","17100"
"PAY0836","O0836","2024-06-23","Debit Card","Success","7000"
"PAY0837","O0837","2024-06-23","UPI","Success","3500"
"PAY0838","O0838","2024-06-23","UPI","Success","10800"
"PAY0839","O0839","2024-06-24","Credit Card","Success","9900"
"PAY0840","O0840","2024-06-24","Net Banking","Success","5950"
"PAY0841","O0841","2024-06-24","Debit Card","Success","800"
"PAY0842","O0842","2024-06-24","Cash on Delivery","Success","15000"
"PAY0843","O0843","2024-06-24","UPI","Success","40500"
"PAY0844","O0844","2024-06-25","Credit Card","Success","11400"
"PAY0845","O0845","2024-06-25","Net Banking","Success","40500"
"PAY0846","O0846","2024-06-25","Debit Card","Success","3500"
"PAY0847","O0847","2024-06-25","Cash on Delivery","Success","10800"
"PAY0848","O0848","2024-06-25","UPI","Success","45000"
"PAY0849","O0849","2024-06-26","Credit Card","Success","15000"
"PAY0850","O0850","2024-06-26","Debit Card","Success","12000"
"PAY0851","O0851","2024-06-26","Debit Card","Success","6000"
"PAY0852","O0852","2024-06-26","Cash on Delivery","Success","10200"
"PAY0853","O0853","2024-06-26","UPI","Success","10800"
"PAY0854","O0854","2024-06-27","Credit Card","Success","16200"
"PAY0855","O0855","2024-06-27","Net Banking","Success","14250"
"PAY0856","O0856","2024-06-27","Debit Card","Success","2660"
"PAY0857","O0857","2024-06-27","Cash on Delivery","Success","18000"
"PAY0858","O0858","2024-06-27","UPI","Success","9900"
"PAY0859","O0859","2024-06-28","Credit Card","Success","5600"
"PAY0860","O0860","2024-06-28","Net Banking","Success","3420"
"PAY0861","O0861","2024-06-28","Debit Card","Success","1200"
"PAY0862","O0862","2024-06-28","Cash on Delivery","Success","17100"
"PAY0863","O0863","2024-06-28","UPI","Success","2720"
"PAY0864","O0864","2024-06-29","Credit Card","Success","38250"
"PAY0865","O0865","2024-06-29","Net Banking","Success","15300"
"PAY0866","O0866","2024-06-29","Debit Card","Success","20900"
"PAY0867","O0867","2024-06-29","Cash on Delivery","Success","12600"
"PAY0868","O0868","2024-06-29","UPI","Success","5500"
"PAY0869","O0869","2024-06-30","Credit Card","Success","2975"
"PAY0870","O0870","2024-06-30","Net Banking","Success","285"
"PAY0871","O0871","2024-06-30","Debit Card","Success","850"
"PAY0872","O0872","2024-06-30","Cash on Delivery","Success","16200"
"PAY0873","O0873","2024-07-01","UPI","Success","1200"
"PAY0874","O0874","2024-07-01","Credit Card","Success","22000"
"PAY0875","O0875","2024-07-01","Net Banking","Success","3200"
"PAY0876","O0876","2024-07-01","Debit Card","Success","6650"
"PAY0877","O0877","2024-07-01","Cash on Delivery","Success","1620"
"PAY0878","O0878","2024-07-01","UPI","Success","18000"
"PAY0879","O0879","2024-07-02","Credit Card","Success","5040"
"PAY0880","O0880","2024-07-02","Net Banking","Success","12600"
"PAY0881","O0881","2024-07-02","Debit Card","Success","2800"
"PAY0882","O0882","2024-07-02","Cash on Delivery","Success","16200"
"PAY0883","O0883","2024-07-02","UPI","Success","13300"
"PAY0884","O0884","2024-07-03","Credit Card","Success","2880"
"PAY0885","O0885","2024-07-03","Net Banking","Success","12750"
"PAY0886","O0886","2024-07-03","Debit Card","Success","15300"
"PAY0887","O0887","2024-07-03","Cash on Delivery","Success","15300"
"PAY0888","O0888","2024-07-03","UPI","Success","45000"
"PAY0889","O0889","2024-07-04","Credit Card","Success","10800"
"PAY0890","O0890","2024-07-04","Debit Card","Success","14000"
"PAY0891","O0891","2024-07-04","Debit Card","Success","15000"
"PAY0892","O0892","2024-07-04","Cash on Delivery","Success","13300"
"PAY0893","O0893","2024-07-04","UPI","Success","495"
"PAY0894","O0894","2024-07-05","Credit Card","Success","11400"
"PAY0895","O0895","2024-07-05","Net Banking","Success","3240"
"PAY0896","O0896","2024-07-05","Cash on Delivery","Success","12000"
"PAY0897","O0897","2024-07-05","Cash on Delivery","Success","10800"
"PAY0898","O0898","2024-07-05","UPI","Success","18700"
"PAY0899","O0899","2024-07-06","Credit Card","Success","760"
"PAY0900","O0900","2024-07-06","Net Banking","Success","40500"
"PAY0901","O0901","2024-07-06","Debit Card","Success","22000"
"PAY0902","O0902","2024-07-06","UPI","Success","11400"
"PAY0903","O0903","2024-07-06","UPI","Success","12750"
"PAY0904","O0904","2024-07-07","Credit Card","Success","5600"
"PAY0905","O0905","2024-07-07","Net Banking","Success","12600"
"PAY0906","O0906","2024-07-07","Debit Card","Success","7000"
"PAY0907","O0907","2024-07-07","Cash on Delivery","Success","19800"
"PAY0908","O0908","2024-07-07","UPI","Success","12600"
"PAY0909","O0909","2024-07-08","Credit Card","Success","6000"
"PAY0910","O0910","2024-07-08","Net Banking","Success","15000"
"PAY0911","O0911","2024-07-08","Debit Card","Success","2800"
"PAY0912","O0912","2024-07-08","Cash on Delivery","Success","14000"
"PAY0913","O0913","2024-07-08","UPI","Success","600"
"PAY0914","O0914","2024-07-09","Credit Card","Success","45000"
"PAY0915","O0915","2024-07-09","Debit Card","Success","15300"
"PAY0916","O0916","2024-07-09","Debit Card","Success","7000"
"PAY0917","O0917","2024-07-09","Cash on Delivery","Success","1000"
"PAY0918","O0918","2024-07-09","UPI","Success","5225"
"PAY0919","O0919","2024-07-10","Credit Card","Success","40500"
"PAY0920","O0920","2024-07-10","Net Banking","Success","11400"
"PAY0921","O0921","2024-07-10","Debit Card","Success","11400"
"PAY0922","O0922","2024-07-10","UPI","Success","3150"
"PAY0923","O0923","2024-07-10","Credit Card","Success","5950"
"PAY0924","O0924","2024-07-11","Credit Card","Success","6300"
"PAY0925","O0925","2024-07-11","Net Banking","Success","15000"
"PAY0926","O0926","2024-07-11","Debit Card","Success","2520"
"PAY0927","O0927","2024-07-11","Cash on Delivery","Success","1530"
"PAY0928","O0928","2024-07-11","UPI","Success","250"
"PAY0929","O0929","2024-07-12","Credit Card","Success","675"
"PAY0930","O0930","2024-07-12","Net Banking","Success","765"
"PAY0931","O0931","2024-07-12","Debit Card","Success","3500"
"PAY0932","O0932","2024-07-12","Cash on Delivery","Success","22000"
"PAY0933","O0933","2024-07-12","UPI","Success","12600"
"PAY0934","O0934","2024-07-13","Credit Card","Success","18000"
"PAY0935","O0935","2024-07-13","Net Banking","Success","600"
"PAY0936","O0936","2024-07-13","Cash on Delivery","Success","14000"
"PAY0937","O0937","2024-07-13","UPI","Success","500"
"PAY0938","O0938","2024-07-13","UPI","Success","6650"
"PAY0939","O0939","2024-07-14","Credit Card","Success","540"
"PAY0940","O0940","2024-07-14","Net Banking","Success","18000"
"PAY0941","O0941","2024-07-14","Debit Card","Success","45000"
"PAY0942","O0942","2024-07-14","UPI","Success","2090"
"PAY0943","O0943","2024-07-14","Credit Card","Success","540"
"PAY0944","O0944","2024-07-15","Credit Card","Success","2880"
"PAY0945","O0945","2024-07-15","Net Banking","Success","2400"
"PAY0946","O0946","2024-07-15","Cash on Delivery","Success","17100"
"PAY0947","O0947","2024-07-15","Cash on Delivery","Success","540"
"PAY0948","O0948","2024-07-15","UPI","Success","3500"
"PAY0949","O0949","2024-07-16","Credit Card","Success","15300"
"PAY0950","O0950","2024-07-16","Net Banking","Success","4675"
"PAY0951","O0951","2024-07-16","Debit Card","Success","22000"
"PAY0952","O0952","2024-07-16","Cash on Delivery","Success","675"
"PAY0953","O0953","2024-07-16","UPI","Success","935"
"PAY0954","O0954","2024-07-16","Credit Card","Success","475"
"PAY0955","O0955","2024-07-17","Net Banking","Success","45000"
"PAY0956","O0956","2024-07-17","Debit Card","Success","22000"
"PAY0957","O0957","2024-07-17","UPI","Success","1800"
"PAY0958","O0958","2024-07-17","UPI","Success","5225"
"PAY0959","O0959","2024-07-17","Credit Card","Success","22000"
"PAY0960","O0960","2024-07-18","Net Banking","Success","5600"
"PAY0961","O0961","2024-07-18","Debit Card","Success","12000"
"PAY0962","O0962","2024-07-18","Cash on Delivery","Success","42750"
"PAY0963","O0963","2024-07-18","UPI","Success","15000"
"PAY0964","O0964","2024-07-18","Credit Card","Success","12600"
"PAY0965","O0965","2024-07-19","Net Banking","Success","600"
"PAY0966","O0966","2024-07-19","Debit Card","Success","7000"
"PAY0967","O0967","2024-07-19","Cash on Delivery","Success","20900"
"PAY0968","O0968","2024-07-19","UPI","Success","810"
"PAY0969","O0969","2024-07-19","Credit Card","Success","18000"
"PAY0970","O0970","2024-07-20","Net Banking","Success","17100"
"PAY0971","O0971","2024-07-20","Debit Card","Success","1530"
"PAY0972","O0972","2024-07-20","Cash on Delivery","Success","10800"
"PAY0973","O0973","2024-07-20","UPI","Success","5225"
"PAY0974","O0974","2024-07-20","Credit Card","Success","45000"
"PAY0975","O0975","2024-07-21","Net Banking","Success","12600"
"PAY0976","O0976","2024-07-21","Cash on Delivery","Success","998"
"PAY0977","O0977","2024-07-21","UPI","Success","1800"
"PAY0978","O0978","2024-07-21","UPI","Success","1710"
"PAY0979","O0979","2024-07-21","Credit Card","Success","14250"
"PAY0980","O0980","2024-07-22","Net Banking","Success","2975"
"PAY0981","O0981","2024-07-22","Cash on Delivery","Success","2800"
"PAY0982","O0982","2024-07-22","Cash on Delivery","Success","18000"
"PAY0983","O0983","2024-07-22","UPI","Success","15300"
"PAY0984","O0984","2024-07-22","Credit Card","Success","3600"
"PAY0985","O0985","2024-07-23","Debit Card","Success","45000"
"PAY0986","O0986","2024-07-23","Debit Card","Success","14000"
"PAY0987","O0987","2024-07-23","UPI","Success","1710"
"PAY0988","O0988","2024-07-23","Credit Card","Success","2040"
"PAY0989","O0989","2024-07-23","Credit Card","Success","42750"
"PAY0990","O0990","2024-07-24","Net Banking","Success","2800"
"PAY0991","O0991","2024-07-24","Debit Card","Success","2660"
"PAY0992","O0992","2024-07-24","Cash on Delivery","Success","11000"
"PAY0993","O0993","2024-07-24","UPI","Success","14000"
"PAY0994","O0994","2024-07-24","Credit Card","Success","540"
"PAY0995","O0995","2024-07-25","Debit Card","Success","7000"
"PAY0996","O0996","2024-07-25","Debit Card","Success","10800"
"PAY0997","O0997","2024-07-25","Cash on Delivery","Success","2520"
"PAY0998","O0998","2024-07-25","Credit Card","Success","11900"
"PAY0999","O0999","2024-07-25","Credit Card","Success","6650"
"PAY1000","O1000","2024-07-26","Net Banking","Success","5225"
"PAY1001","O1001","2024-07-26","Debit Card","Success","4760"
"PAY1002","O1002","2024-07-26","Cash on Delivery","Success","5225"
"PAY1003","O1003","2024-07-26","UPI","Success","5320"
"PAY1004","O1004","2024-07-26","Credit Card","Success","40500"
"PAY1005","O1005","2024-07-27","Debit Card","Success","10450"
"PAY1006","O1006","2024-07-27","Debit Card","Success","14000"
"PAY1007","O1007","2024-07-27","Cash on Delivery","Success","2800"
"PAY1008","O1008","2024-07-27","UPI","Success","10800"
"PAY1009","O1009","2024-07-27","Credit Card","Success","15000"
"PAY1010","O1010","2024-07-28","Debit Card","Success","40500"
"PAY1011","O1011","2024-07-28","Debit Card","Success","4675"
"PAY1012","O1012","2024-07-28","UPI","Success","1800"
"PAY1013","O1013","2024-07-28","UPI","Success","45000"
"PAY1014","O1014","2024-07-28","Credit Card","Success","1020"
"PAY1015","O1015","2024-07-29","Debit Card","Success","10450"
"PAY1016","O1016","2024-07-29","Debit Card","Success","900"
"PAY1017","O1017","2024-07-29","Cash on Delivery","Success","5700"
"PAY1018","O1018","2024-07-29","Credit Card","Success","6300"
"PAY1019","O1019","2024-07-29","Credit Card","Success","6000"
"PAY1020","O1020","2024-07-30","Net Banking","Success","40500"
"PAY1021","O1021","2024-07-30","Debit Card","Success","17100"
"PAY1022","O1022","2024-07-30","Cash on Delivery","Success","10800"
"PAY1023","O1023","2024-07-30","UPI","Success","15000"
"PAY1024","O1024","2024-07-30","Credit Card","Success","3325"
"PAY1025","O1025","2024-07-31","Net Banking","Success","20900"
"PAY1026","O1026","2024-07-31","Cash on Delivery","Success","12600"
"PAY1027","O1027","2024-07-31","Cash on Delivery","Success","285"
"PAY1028","O1028","2024-07-31","UPI","Success","2660"
"PAY1029","O1029","2024-07-31","Credit Card","Success","7000"
"PAY1030","O1030","2024-08-01","Net Banking","Success","13300"
"PAY1031","O1031","2024-08-01","Debit Card","Success","12000"
"PAY1032","O1032","2024-08-01","Cash on Delivery","Success","17100"
"PAY1033","O1033","2024-08-01","UPI","Success","5500"
"PAY1034","O1034","2024-08-01","Credit Card","Success","15300"
"PAY1035","O1035","2024-08-01","Debit Card","Success","22000"
"PAY1036","O1036","2024-08-02","Debit Card","Success","12600"
"PAY1037","O1037","2024-08-02","Cash on Delivery","Success","10200"
"PAY1038","O1038","2024-08-02","UPI","Success","19800"
"PAY1039","O1039","2024-08-02","Credit Card","Success","15000"
"PAY1040","O1040","2024-08-02","Net Banking","Success","5320"
"PAY1041","O1041","2024-08-03","Debit Card","Success","15000"
"PAY1042","O1042","2024-08-03","Cash on Delivery","Success","6300"
"PAY1043","O1043","2024-08-03","UPI","Success","5950"
"PAY1044","O1044","2024-08-03","Credit Card","Success","14000"
"PAY1045","O1045","2024-08-03","Net Banking","Success","2380"
"PAY1046","O1046","2024-08-04","Debit Card","Success","12600"
"PAY1047","O1047","2024-08-04","UPI","Success","3500"
"PAY1048","O1048","2024-08-04","UPI","Success","255"
"PAY1049","O1049","2024-08-04","Credit Card","Success","570"
"PAY1050","O1050","2024-08-04","Debit Card","Success","1400"
"PAY1051","O1051","2024-08-05","Debit Card","Success","475"
"PAY1052","O1052","2024-08-05","Cash on Delivery","Success","14000"
"PAY1053","O1053","2024-08-05","UPI","Success","6300"
"PAY1054","O1054","2024-08-05","Credit Card","Success","14000"
"PAY1055","O1055","2024-08-05","Debit Card","Success","45000"
"PAY1056","O1056","2024-08-06","Debit Card","Success","11900"
"PAY1057","O1057","2024-08-06","Cash on Delivery","Success","22000"
"PAY1058","O1058","2024-08-06","Credit Card","Success","1530"
"PAY1059","O1059","2024-08-06","Credit Card","Success","20900"
"PAY1060","O1060","2024-08-06","Net Banking","Success","3600"
"PAY1061","O1061","2024-08-07","Cash on Delivery","Success","11400"
"PAY1062","O1062","2024-08-07","Cash on Delivery","Success","2400"
"PAY1063","O1063","2024-08-07","UPI","Success","998"
"PAY1064","O1064","2024-08-07","Credit Card","Success","19800"
"PAY1065","O1065","2024-08-07","Net Banking","Success","16200"
"PAY1066","O1066","2024-08-08","Debit Card","Success","16200"
"PAY1067","O1067","2024-08-08","Cash on Delivery","Success","990"
"PAY1068","O1068","2024-08-08","UPI","Success","2800"
"PAY1069","O1069","2024-08-08","Credit Card","Success","5320"
"PAY1070","O1070","2024-08-08","Net Banking","Success","7000"
"PAY1071","O1071","2024-08-09","Debit Card","Success","5600"
"PAY1072","O1072","2024-08-09","Cash on Delivery","Success","45000"
"PAY1073","O1073","2024-08-09","UPI","Success","2800"
"PAY1074","O1074","2024-08-09","Credit Card","Success","3500"
"PAY1075","O1075","2024-08-09","Net Banking","Success","990"
"PAY1076","O1076","2024-08-10","Cash on Delivery","Success","2160"
"PAY1077","O1077","2024-08-10","Cash on Delivery","Success","2660"
"PAY1078","O1078","2024-08-10","UPI","Success","20900"
"PAY1079","O1079","2024-08-10","Credit Card","Success","1870"
"PAY1080","O1080","2024-08-10","Net Banking","Success","2520"
"PAY1081","O1081","2024-08-11","Debit Card","Success","16200"
"PAY1082","O1082","2024-08-11","Cash on Delivery","Success","2720"
"PAY1083","O1083","2024-08-11","UPI","Success","11900"
"PAY1084","O1084","2024-08-11","Net Banking","Success","550"
"PAY1085","O1085","2024-08-11","Net Banking","Success","10800"
"PAY1086","O1086","2024-08-12","Cash on Delivery","Success","12000"
"PAY1087","O1087","2024-08-12","Cash on Delivery","Success","18000"
"PAY1088","O1088","2024-08-12","UPI","Success","1080"
"PAY1089","O1089","2024-08-12","Credit Card","Success","6650"
"PAY1090","O1090","2024-08-12","Net Banking","Success","14250"
"PAY1091","O1091","2024-08-13","Debit Card","Success","1100"
"PAY1092","O1092","2024-08-13","Cash on Delivery","Success","3150"
"PAY1093","O1093","2024-08-13","UPI","Success","22000"
"PAY1094","O1094","2024-08-13","Credit Card","Success","18000"
"PAY1095","O1095","2024-08-13","Net Banking","Success","13500"
"PAY1096","O1096","2024-08-14","Debit Card","Success","5600"
"PAY1097","O1097","2024-08-14","UPI","Success","12600"
"PAY1098","O1098","2024-08-14","UPI","Success","11400"
"PAY1099","O1099","2024-08-14","Credit Card","Success","7000"
"PAY1100","O1100","2024-08-14","Net Banking","Success","15000"
"PAY1101","O1101","2024-08-15","Debit Card","Success","4675"
"PAY1102","O1102","2024-08-15","Cash on Delivery","Success","1710"
"PAY1103","O1103","2024-08-15","UPI","Success","15000"
"PAY1104","O1104","2024-08-15","Credit Card","Success","11000"
"PAY1105","O1105","2024-08-15","Net Banking","Success","1620"
"PAY1106","O1106","2024-08-16","Debit Card","Success","22000"
"PAY1107","O1107","2024-08-16","Cash on Delivery","Success","7000"
"PAY1108","O1108","2024-08-16","Credit Card","Success","4675"
"PAY1109","O1109","2024-08-16","Credit Card","Success","12600"
"PAY1110","O1110","2024-08-16","Net Banking","Success","10450"
"PAY1111","O1111","2024-08-17","Debit Card","Success","1140"
"PAY1112","O1112","2024-08-17","Cash on Delivery","Success","5500"
"PAY1113","O1113","2024-08-17","UPI","Success","17100"
"PAY1114","O1114","2024-08-17","Credit Card","Success","42750"
"PAY1115","O1115","2024-08-17","Debit Card","Success","11000"
"PAY1116","O1116","2024-08-18","Debit Card","Success","14000"
"PAY1117","O1117","2024-08-18","Cash on Delivery","Success","2400"
"PAY1118","O1118","2024-08-18","UPI","Success","11400"
"PAY1119","O1119","2024-08-18","Credit Card","Success","15000"
"PAY1120","O1120","2024-08-18","Net Banking","Success","3060"
"PAY1121","O1121","2024-08-19","Debit Card","Success","13300"
"PAY1122","O1122","2024-08-19","Cash on Delivery","Success","7000"
"PAY1123","O1123","2024-08-19","UPI","Success","15000"
"PAY1124","O1124","2024-08-19","Credit Card","Success","45000"
"PAY1125","O1125","2024-08-19","Net Banking","Success","9900"
"PAY1126","O1126","2024-08-20","Debit Card","Success","800"
"PAY1127","O1127","2024-08-20","Cash on Delivery","Success","2800"
"PAY1128","O1128","2024-08-20","UPI","Success","2975"
"PAY1129","O1129","2024-08-20","Credit Card","Success","3600"
"PAY1130","O1130","2024-08-20","Net Banking","Success","11000"
"PAY1131","O1131","2024-08-21","Debit Card","Success","22000"
"PAY1132","O1132","2024-08-21","UPI","Success","10800"
"PAY1133","O1133","2024-08-21","UPI","Success","570"
"PAY1134","O1134","2024-08-21","Credit Card","Success","1530"
"PAY1135","O1135","2024-08-21","Net Banking","Success","22000"
"PAY1136","O1136","2024-08-22","Debit Card","Success","630"
"PAY1137","O1137","2024-08-22","Cash on Delivery","Success","12600"
"PAY1138","O1138","2024-08-22","UPI","Success","12000"
"PAY1139","O1139","2024-08-22","Credit Card","Success","14250"
"PAY1140","O1140","2024-08-22","Net Banking","Success","9350"
"PAY1141","O1141","2024-08-23","Debit Card","Success","14000"
"PAY1142","O1142","2024-08-23","Cash on Delivery","Success","6650"
"PAY1143","O1143","2024-08-23","UPI","Success","1710"
"PAY1144","O1144","2024-08-23","Credit Card","Success","7000"
"PAY1145","O1145","2024-08-23","Debit Card","Success","11000"
"PAY1146","O1146","2024-08-24","Cash on Delivery","Success","14000"
"PAY1147","O1147","2024-08-24","Cash on Delivery","Success","1200"
"PAY1148","O1148","2024-08-24","UPI","Success","13300"
"PAY1149","O1149","2024-08-24","Credit Card","Success","1140"
"PAY1150","O1150","2024-08-24","Net Banking","Success","40500"
"PAY1151","O1151","2024-08-25","Debit Card","Success","12000"
"PAY1152","O1152","2024-08-25","Cash on Delivery","Success","14000"
"PAY1153","O1153","2024-08-25","UPI","Success","2400"
"PAY1154","O1154","2024-08-25","Net Banking","Success","2975"
"PAY1155","O1155","2024-08-25","Net Banking","Success","6300"
"PAY1156","O1156","2024-08-26","Debit Card","Success","500"
"PAY1157","O1157","2024-08-26","Cash on Delivery","Success","3500"
"PAY1158","O1158","2024-08-26","UPI","Success","1568"
"PAY1159","O1159","2024-08-26","Credit Card","Success","2200"
"PAY1160","O1160","2024-08-26","Net Banking","Success","45000"
"PAY1161","O1161","2024-08-27","Debit Card","Success","5600"
"PAY1162","O1162","2024-08-27","UPI","Success","11900"
"PAY1163","O1163","2024-08-27","UPI","Success","600"
"PAY1164","O1164","2024-08-27","Credit Card","Success","22000"
"PAY1165","O1165","2024-08-27","Net Banking","Success","9900"
"PAY1166","O1166","2024-08-28","Debit Card","Success","15000"
"PAY1167","O1167","2024-08-28","Cash on Delivery","Success","10800"
"PAY1168","O1168","2024-08-28","UPI","Success","15000"
"PAY1169","O1169","2024-08-28","Credit Card","Success","5700"
"PAY1170","O1170","2024-08-28","Net Banking","Success","42750"
"PAY1171","O1171","2024-08-29","Debit Card","Success","350"
"PAY1172","O1172","2024-08-29","Cash on Delivery","Success","12600"
"PAY1173","O1173","2024-08-29","UPI","Success","2520"
"PAY1174","O1174","2024-08-29","Credit Card","Success","10200"
"PAY1175","O1175","2024-08-29","Net Banking","Success","6300"
"PAY1176","O1176","2024-08-30","Cash on Delivery","Success","1530"
"PAY1177","O1177","2024-08-30","Cash on Delivery","Success","2520"
"PAY1178","O1178","2024-08-30","UPI","Success","3325"
"PAY1179","O1179","2024-08-30","Net Banking","Success","14000"
"PAY1180","O1180","2024-08-30","Net Banking","Success","18700"
"PAY1181","O1181","2024-08-31","Debit Card","Success","750"
"PAY1182","O1182","2024-08-31","Cash on Delivery","Success","1800"
"PAY1183","O1183","2024-08-31","Credit Card","Success","11000"
"PAY1184","O1184","2024-08-31","Credit Card","Success","22000"
"PAY1185","O1185","2024-08-31","Net Banking","Success","600"
"PAY1186","O1186","2024-09-01","Debit Card","Success","1020"
"PAY1187","O1187","2024-09-01","Cash on Delivery","Success","18000"
"PAY1188","O1188","2024-09-01","UPI","Success","12000"
"PAY1189","O1189","2024-09-01","Credit Card","Success","1200"
"PAY1190","O1190","2024-09-01","Net Banking","Success","250"
"PAY1191","O1191","2024-09-02","Cash on Delivery","Success","6300"
"PAY1192","O1192","2024-09-02","Cash on Delivery","Success","11400"
"PAY1193","O1193","2024-09-02","UPI","Success","1800"
"PAY1194","O1194","2024-09-02","Credit Card","Success","3500"
"PAY1195","O1195","2024-09-02","Net Banking","Success","45000"
"PAY1196","O1196","2024-09-03","Cash on Delivery","Success","4950"
"PAY1197","O1197","2024-09-03","UPI","Success","16200"
"PAY1198","O1198","2024-09-03","UPI","Success","5225"
"PAY1199","O1199","2024-09-03","Credit Card","Success","1620"
"PAY1200","O1200","2024-09-03","Debit Card","Success","2660"
"PAY1201","O1201","2024-09-04","Debit Card","Success","12000"
"PAY1202","O1202","2024-09-04","Cash on Delivery","Success","1440"
"PAY1203","O1203","2024-09-04","UPI","Success","20900"
"PAY1204","O1204","2024-09-04","Credit Card","Success","2800"
"PAY1205","O1205","2024-09-05","Net Banking","Success","12750"
"PAY1206","O1206","2024-09-05","Debit Card","Success","2160"
"PAY1207","O1207","2024-09-05","Cash on Delivery","Success","10200"
"PAY1208","O1208","2024-09-05","UPI","Success","810"
"PAY1209","O1209","2024-09-05","Net Banking","Success","45000"
"PAY1210","O1210","2024-09-06","Debit Card","Success","5040"
"PAY1211","O1211","2024-09-06","Debit Card","Success","14250"
"PAY1212","O1212","2024-09-06","Cash on Delivery","Success","18000"
"PAY1213","O1213","2024-09-06","Credit Card","Success","6650"
"PAY1214","O1214","2024-09-06","Credit Card","Success","315"
"PAY1215","O1215","2024-09-07","Net Banking","Success","15000"
"PAY1216","O1216","2024-09-07","Debit Card","Success","22000"
"PAY1217","O1217","2024-09-07","Cash on Delivery","Success","5400"
"PAY1218","O1218","2024-09-07","UPI","Success","5700"
"PAY1219","O1219","2024-09-07","Credit Card","Success","18000"
"PAY1220","O1220","2024-09-08","Net Banking","Success","14250"
"PAY1221","O1221","2024-09-08","Debit Card","Success","19800"
"PAY1222","O1222","2024-09-08","Cash on Delivery","Success","900"
"PAY1223","O1223","2024-09-08","UPI","Success","2280"
"PAY1224","O1224","2024-09-09","Credit Card","Success","12000"
"PAY1225","O1225","2024-09-09","Net Banking","Success","17100"
"PAY1226","O1226","2024-09-09","Debit Card","Success","18000"
"PAY1227","O1227","2024-09-09","Cash on Delivery","Success","45000"
"PAY1228","O1228","2024-09-09","UPI","Success","4675"
"PAY1229","O1229","2024-09-10","Credit Card","Success","17100"
"PAY1230","O1230","2024-09-10","Debit Card","Success","11400"
"PAY1231","O1231","2024-09-10","Debit Card","Success","550"
"PAY1232","O1232","2024-09-10","Cash on Delivery","Success","12000"
"PAY1233","O1233","2024-09-10","UPI","Success","10200"
"PAY1234","O1234","2024-09-11","Credit Card","Success","22000"
"PAY1235","O1235","2024-09-11","Debit Card","Success","10800"
"PAY1236","O1236","2024-09-11","Debit Card","Success","6000"
"PAY1237","O1237","2024-09-11","Cash on Delivery","Success","16200"
"PAY1238","O1238","2024-09-11","UPI","Success","12600"
"PAY1239","O1239","2024-09-12","Credit Card","Success","9350"
"PAY1240","O1240","2024-09-12","Debit Card","Success","5500"
"PAY1241","O1241","2024-09-12","Debit Card","Success","468"
"PAY1242","O1242","2024-09-12","Cash on Delivery","Success","12000"
"PAY1243","O1243","2024-09-13","UPI","Success","19800"
"PAY1244","O1244","2024-09-13","Credit Card","Success","13500"
"PAY1245","O1245","2024-09-13","Net Banking","Success","300"
"PAY1246","O1246","2024-09-13","Debit Card","Success","42750"
"PAY1247","O1247","2024-09-13","Cash on Delivery","Success","713"
"PAY1248","O1248","2024-09-14","UPI","Success","14000"
"PAY1249","O1249","2024-09-14","Credit Card","Success","45000"
"PAY1250","O1250","2024-09-14","Net Banking","Success","5600"
"PAY1251","O1251","2024-09-14","Debit Card","Success","22000"
"PAY1252","O1252","2024-09-14","Cash on Delivery","Success","475"
"PAY1253","O1253","2024-09-15","Credit Card","Success","18700"
"PAY1254","O1254","2024-09-15","Credit Card","Success","4760"
"PAY1255","O1255","2024-09-15","Net Banking","Success","3150"
"PAY1256","O1256","2024-09-15","Debit Card","Success","38250"
"PAY1257","O1257","2024-09-16","UPI","Success","3200"
"PAY1258","O1258","2024-09-16","UPI","Success","20900"
"PAY1259","O1259","2024-09-16","Credit Card","Success","5600"
"PAY1260","O1260","2024-09-16","Net Banking","Success","7000"
"PAY1261","O1261","2024-09-16","Debit Card","Success","2400"
"PAY1262","O1262","2024-09-17","Cash on Delivery","Success","1800"
"PAY1263","O1263","2024-09-17","UPI","Success","18000"
"PAY1264","O1264","2024-09-17","Credit Card","Success","7000"
"PAY1265","O1265","2024-09-17","Net Banking","Success","1485"
"PAY1266","O1266","2024-09-17","Cash on Delivery","Success","1650"
"PAY1267","O1267","2024-09-18","Cash on Delivery","Success","18000"
"PAY1268","O1268","2024-09-18","UPI","Success","14250"
"PAY1269","O1269","2024-09-18","Credit Card","Success","1800"
"PAY1270","O1270","2024-09-18","Net Banking","Success","5320"
"PAY1271","O1271","2024-09-18","Debit Card","Success","10450"
"PAY1272","O1272","2024-09-19","Cash on Delivery","Success","10200"
"PAY1273","O1273","2024-09-19","UPI","Success","13300"
"PAY1274","O1274","2024-09-19","Credit Card","Success","2160"
"PAY1275","O1275","2024-09-19","Net Banking","Success","2800"
"PAY1276","O1276","2024-09-20","Debit Card","Success","6650"
"PAY1277","O1277","2024-09-20","Cash on Delivery","Success","45000"
"PAY1278","O1278","2024-09-20","UPI","Success","2660"
"PAY1279","O1279","2024-09-20","Credit Card","Success","14000"
"PAY1280","O1280","2024-09-20","Net Banking","Success","2800"
"PAY1281","O1281","2024-09-21","Debit Card","Success","1620"
"PAY1282","O1282","2024-09-21","Cash on Delivery","Success","800"
"PAY1283","O1283","2024-09-21","UPI","Success","5500"
"PAY1284","O1284","2024-09-21","Credit Card","Success","6000"
"PAY1285","O1285","2024-09-21","Net Banking","Success","5700"
"PAY1286","O1286","2024-09-22","Debit Card","Success","5100"
"PAY1287","O1287","2024-09-22","Cash on Delivery","Success","18000"
"PAY1288","O1288","2024-09-22","Credit Card","Success","18000"
"PAY1289","O1289","2024-09-22","Net Banking","Success","4950"
"PAY1290","O1290","2024-09-22","Net Banking","Success","11400"
"PAY1291","O1291","2024-09-23","Debit Card","Success","510"
"PAY1292","O1292","2024-09-23","UPI","Success","19800"
"PAY1293","O1293","2024-09-23","UPI","Success","45000"
"PAY1294","O1294","2024-09-23","Credit Card","Success","2520"
"PAY1295","O1295","2024-09-24","Debit Card","Success","9900"
"PAY1296","O1296","2024-09-24","Debit Card","Success","5040"
"PAY1297","O1297","2024-09-24","Cash on Delivery","Success","15000"
"PAY1298","O1298","2024-09-24","UPI","Success","945"
"PAY1299","O1299","2024-09-24","Credit Card","Success","20900"
"PAY1300","O1300","2024-09-25","Net Banking","Success","15000"
"PAY1301","O1301","2024-09-25","Debit Card","Success","12000"
"PAY1302","O1302","2024-09-25","UPI","Success","6300"
"PAY1303","O1303","2024-09-25","Credit Card","Success","450"
"PAY1304","O1304","2024-09-25","Credit Card","Success","760"
"PAY1305","O1305","2024-09-26","Net Banking","Success","5700"
"PAY1306","O1306","2024-09-26","Debit Card","Success","4950"
"PAY1307","O1307","2024-09-26","Cash on Delivery","Success","1620"
"PAY1308","O1308","2024-09-26","Credit Card","Success","13300"
"PAY1309","O1309","2024-09-26","Net Banking","Success","12750"
"PAY1310","O1310","2024-09-27","Net Banking","Success","15000"
"PAY1311","O1311","2024-09-27","Debit Card","Success","600"
"PAY1312","O1312","2024-09-27","Cash on Delivery","Success","40500"
"PAY1313","O1313","2024-09-27","UPI","Success","2160"
"PAY1314","O1314","2024-09-28","Credit Card","Success","14250"
"PAY1315","O1315","2024-09-28","Net Banking","Success","7000"
"PAY1316","O1316","2024-09-28","Debit Card","Success","1200"
"PAY1317","O1317","2024-09-28","Cash on Delivery","Success","11400"
"PAY1318","O1318","2024-09-28","UPI","Success","950"
"PAY1319","O1319","2024-09-29","Credit Card","Success","1200"
"PAY1320","O1320","2024-09-29","Net Banking","Success","1485"
"PAY1321","O1321","2024-09-29","Debit Card","Success","1710"
"PAY1322","O1322","2024-09-29","Cash on Delivery","Success","11000"
"PAY1323","O1323","2024-09-29","UPI","Success","1080"
"PAY1324","O1324","2024-09-30","Credit Card","Success","18000"
"PAY1325","O1325","2024-09-30","Net Banking","Success","12000"
"PAY1326","O1326","2024-09-30","Debit Card","Success","6000"
"PAY1327","O1327","2024-09-30","Cash on Delivery","Success","18000"
"PAY1328","O1328","2024-10-01","UPI","Success","11400"
"PAY1329","O1329","2024-10-01","Net Banking","Success","17100"
"PAY1330","O1330","2024-10-01","Net Banking","Success","5400"
"PAY1331","O1331","2024-10-01","Debit Card","Success","18000"
"PAY1332","O1332","2024-10-01","Cash on Delivery","Success","9900"
"PAY1333","O1333","2024-10-02","Credit Card","Success","18000"
"PAY1334","O1334","2024-10-02","Credit Card","Success","18700"
"PAY1335","O1335","2024-10-02","Net Banking","Success","12750"
"PAY1336","O1336","2024-10-02","Cash on Delivery","Success","15300"
"PAY1337","O1337","2024-10-02","Cash on Delivery","Success","2660"
"PAY1338","O1338","2024-10-03","UPI","Success","5225"
"PAY1339","O1339","2024-10-03","Credit Card","Success","510"
"PAY1340","O1340","2024-10-03","Net Banking","Success","3150"
"PAY1341","O1341","2024-10-03","Debit Card","Success","20900"
"PAY1342","O1342","2024-10-03","Cash on Delivery","Success","2400"
"PAY1343","O1343","2024-10-04","UPI","Success","22000"
"PAY1344","O1344","2024-10-04","Net Banking","Success","40500"
"PAY1345","O1345","2024-10-04","Net Banking","Success","13500"
"PAY1346","O1346","2024-10-04","Debit Card","Success","6300"
"PAY1347","O1347","2024-10-04","Cash on Delivery","Success","14250"
"PAY1348","O1348","2024-10-05","UPI","Success","45000"
"PAY1349","O1349","2024-10-05","Credit Card","Success","5500"
"PAY1350","O1350","2024-10-05","Net Banking","Success","15000"
"PAY1351","O1351","2024-10-05","Cash on Delivery","Success","6000"
"PAY1352","O1352","2024-10-05","Cash on Delivery","Success","19800"
"PAY1353","O1353","2024-10-06","Credit Card","Success","750"
"PAY1354","O1354","2024-10-06","Credit Card","Success","12000"
"PAY1355","O1355","2024-10-06","Net Banking","Success","18000"
"PAY1356","O1356","2024-10-06","Debit Card","Success","4760"
"PAY1357","O1357","2024-10-07","Cash on Delivery","Success","1100"
"PAY1358","O1358","2024-10-07","UPI","Success","10450"
"PAY1359","O1359","2024-10-07","Credit Card","Success","12600"
"PAY1360","O1360","2024-10-07","Net Banking","Success","20900"
"PAY1361","O1361","2024-10-07","Debit Card","Success","15000"
"PAY1362","O1362","2024-10-08","Cash on Delivery","Success","14000"
"PAY1363","O1363","2024-10-08","UPI","Success","12000"
"PAY1364","O1364","2024-10-08","Credit Card","Success","38250"
"PAY1365","O1365","2024-10-08","Net Banking","Success","5700"
"PAY1366","O1366","2024-10-08","Debit Card","Success","5500"
"PAY1367","O1367","2024-10-09","UPI","Success","10450"
"PAY1368","O1368","2024-10-09","UPI","Success","270"
"PAY1369","O1369","2024-10-09","Credit Card","Success","7000"
"PAY1370","O1370","2024-10-09","Net Banking","Success","18000"
"PAY1371","O1371","2024-10-09","Debit Card","Success","2520"
"PAY1372","O1372","2024-10-10","Cash on Delivery","Success","2280"
"PAY1373","O1373","2024-10-10","UPI","Success","675"
"PAY1374","O1374","2024-10-10","Credit Card","Success","18000"
"PAY1375","O1375","2024-10-10","Net Banking","Success","425"
"PAY1376","O1376","2024-10-10","Cash on Delivery","Success","4675"
"PAY1377","O1377","2024-10-11","Cash on Delivery","Success","945"
"PAY1378","O1378","2024-10-11","UPI","Success","945"
"PAY1379","O1379","2024-10-11","Credit Card","Success","1800"
"PAY1380","O1380","2024-10-11","Net Banking","Success","5500"
"PAY1381","O1381","2024-10-12","Cash on Delivery","Success","1485"
"PAY1382","O1382","2024-10-12","Cash on Delivery","Success","12000"
"PAY1383","O1383","2024-10-12","UPI","Success","42750"
"PAY1384","O1384","2024-10-12","Credit Card","Success","14000"
"PAY1385","O1385","2024-10-12","Net Banking","Success","2800"
"PAY1386","O1386","2024-10-13","Debit Card","Success","998"
"PAY1387","O1387","2024-10-13","Cash on Delivery","Success","42750"
"PAY1388","O1388","2024-10-13","UPI","Success","14000"
"PAY1389","O1389","2024-10-13","Credit Card","Success","3500"
"PAY1390","O1390","2024-10-13","Net Banking","Success","540"
"PAY1391","O1391","2024-10-14","Debit Card","Success","10800"
"PAY1392","O1392","2024-10-14","Cash on Delivery","Success","12000"
"PAY1393","O1393","2024-10-14","UPI","Success","40500"
"PAY1394","O1394","2024-10-14","Credit Card","Success","350"
"PAY1395","O1395","2024-10-14","Net Banking","Success","11900"
"PAY1396","O1396","2024-10-15","Debit Card","Success","6000"
"PAY1397","O1397","2024-10-15","Cash on Delivery","Success","3150"
"PAY1398","O1398","2024-10-15","UPI","Success","45000"
"PAY1399","O1399","2024-10-15","Credit Card","Success","5600"
"PAY1400","O1400","2024-10-15","Net Banking","Success","1000"
"PAY1401","O1401","2024-10-16","Debit Card","Success","10200"
"PAY1402","O1402","2024-10-16","Cash on Delivery","Success","4760"
"PAY1403","O1403","2024-10-16","UPI","Success","1000"
"PAY1404","O1404","2024-10-16","Credit Card","Success","17100"
"PAY1405","O1405","2024-10-17","Net Banking","Success","12000"
"PAY1406","O1406","2024-10-17","Debit Card","Success","7000"
"PAY1407","O1407","2024-10-17","Cash on Delivery","Success","42750"
"PAY1408","O1408","2024-10-17","UPI","Success","13300"
"PAY1409","O1409","2024-10-17","Credit Card","Success","11900"
"PAY1410","O1410","2024-10-18","Net Banking","Success","1080"
"PAY1411","O1411","2024-10-18","Debit Card","Success","19800"
"PAY1412","O1412","2024-10-18","Cash on Delivery","Success","20900"
"PAY1413","O1413","2024-10-18","UPI","Success","2520"
"PAY1414","O1414","2024-10-18","Net Banking","Success","7000"
"PAY1415","O1415","2024-10-19","Net Banking","Success","9350"
"PAY1416","O1416","2024-10-19","Debit Card","Success","40500"
"PAY1417","O1417","2024-10-19","Cash on Delivery","Success","12600"
"PAY1418","O1418","2024-10-19","UPI","Success","15000"
"PAY1419","O1419","2024-10-19","Credit Card","Success","38250"
"PAY1420","O1420","2024-10-20","Net Banking","Success","5400"
"PAY1421","O1421","2024-10-20","Cash on Delivery","Success","6650"
"PAY1422","O1422","2024-10-20","UPI","Success","11400"
"PAY1423","O1423","2024-10-20","UPI","Success","12000"
"PAY1424","O1424","2024-10-20","Net Banking","Success","12750"
"PAY1425","O1425","2024-10-21","Debit Card","Success","7000"
"PAY1426","O1426","2024-10-21","Cash on Delivery","Success","11400"
"PAY1427","O1427","2024-10-21","Cash on Delivery","Success","1710"
"PAY1428","O1428","2024-10-21","UPI","Success","42750"
"PAY1429","O1429","2024-10-22","Net Banking","Success","6650"
"PAY1430","O1430","2024-10-22","Net Banking","Success","5040"
"PAY1431","O1431","2024-10-22","Debit Card","Success","10200"
"PAY1432","O1432","2024-10-22","Cash on Delivery","Success","5600"
"PAY1433","O1433","2024-10-22","UPI","Success","45000"
"PAY1434","O1434","2024-10-23","Credit Card","Success","13300"
"PAY1435","O1435","2024-10-23","Debit Card","Success","15000"
"PAY1436","O1436","2024-10-23","Debit Card","Success","20900"
"PAY1437","O1437","2024-10-23","Cash on Delivery","Success","500"
"PAY1438","O1438","2024-10-23","Credit Card","Success","3150"
"PAY1439","O1439","2024-10-24","Credit Card","Success","18000"
"PAY1440","O1440","2024-10-24","Net Banking","Success","3500"
"PAY1441","O1441","2024-10-24","Debit Card","Success","1800"
"PAY1442","O1442","2024-10-24","Cash on Delivery","Success","12000"
"PAY1443","O1443","2024-10-24","Credit Card","Success","15300"
"PAY1444","O1444","2024-10-25","Credit Card","Success","10800"
"PAY1445","O1445","2024-10-25","Net Banking","Success","1710"
"PAY1446","O1446","2024-10-25","Debit Card","Success","11000"
"PAY1447","O1447","2024-10-25","Cash on Delivery","Success","10450"
"PAY1448","O1448","2024-10-25","UPI","Success","14000"
"PAY1449","O1449","2024-10-26","Credit Card","Success","2040"
"PAY1450","O1450","2024-10-26","Debit Card","Success","18000"
"PAY1451","O1451","2024-10-26","Debit Card","Success","13500"
"PAY1452","O1452","2024-10-26","Cash on Delivery","Success","6650"
"PAY1453","O1453","2024-10-27","UPI","Success","13500"
"PAY1454","O1454","2024-10-27","Credit Card","Success","1600"
"PAY1455","O1455","2024-10-27","Net Banking","Success","7000"
"PAY1456","O1456","2024-10-27","Debit Card","Success","45000"
"PAY1457","O1457","2024-10-27","Cash on Delivery","Success","1800"
"PAY1458","O1458","2024-10-28","UPI","Success","3500"
"PAY1459","O1459","2024-10-28","Credit Card","Success","40500"
"PAY1460","O1460","2024-10-28","Net Banking","Success","3500"
"PAY1461","O1461","2024-10-28","Cash on Delivery","Success","5040"
"PAY1462","O1462","2024-10-28","Cash on Delivery","Success","15300"
"PAY1463","O1463","2024-10-29","UPI","Success","22000"
"PAY1464","O1464","2024-10-29","Credit Card","Success","10450"
"PAY1465","O1465","2024-10-29","Net Banking","Success","1403"
"PAY1466","O1466","2024-10-29","Debit Card","Success","13300"
"PAY1467","O1467","2024-10-29","Cash on Delivery","Success","2400"
"PAY1468","O1468","2024-10-30","UPI","Success","18000"
"PAY1469","O1469","2024-10-30","Credit Card","Success","13500"
"PAY1470","O1470","2024-10-30","Net Banking","Success","523"
"PAY1471","O1471","2024-10-30","Debit Card","Success","3600"
"PAY1472","O1472","2024-10-30","Cash on Delivery","Success","18000"
"PAY1473","O1473","2024-10-31","UPI","Success","10800"
"PAY1474","O1474","2024-10-31","Credit Card","Success","12600"
"PAY1475","O1475","2024-10-31","Net Banking","Success","2975"
"PAY1476","O1476","2024-10-31","Debit Card","Success","3325"
"PAY1477","O1477","2024-11-01","Cash on Delivery","Success","40500"
"PAY1478","O1478","2024-11-01","UPI","Success","700"
"PAY1479","O1479","2024-11-01","Credit Card","Success","12000"
"PAY1480","O1480","2024-11-01","Net Banking","Success","10800"
"PAY1481","O1481","2024-11-01","Debit Card","Success","2660"
"PAY1482","O1482","2024-11-01","Cash on Delivery","Success","18000"
"PAY1483","O1483","2024-11-02","UPI","Success","1140"
"PAY1484","O1484","2024-11-02","Credit Card","Success","1980"
"PAY1485","O1485","2024-11-02","Net Banking","Success","5400"
"PAY1486","O1486","2024-11-02","Debit Card","Success","5225"
"PAY1487","O1487","2024-11-02","UPI","Success","10450"
"PAY1488","O1488","2024-11-03","UPI","Success","13500"
"PAY1489","O1489","2024-11-03","Net Banking","Success","213"
"PAY1490","O1490","2024-11-03","Net Banking","Success","42750"
"PAY1491","O1491","2024-11-03","Debit Card","Success","2400"
"PAY1492","O1492","2024-11-03","Cash on Delivery","Success","12000"
"PAY1493","O1493","2024-11-04","UPI","Success","11400"
"PAY1494","O1494","2024-11-04","Credit Card","Success","4950"
"PAY1495","O1495","2024-11-04","Net Banking","Success","7000"
"PAY1496","O1496","2024-11-04","Debit Card","Success","14000"
"PAY1497","O1497","2024-11-04","UPI","Success","15000"
"PAY1498","O1498","2024-11-04","UPI","Success","6000"
"PAY1499","O1499","2024-11-05","Credit Card","Success","12000"
"PAY1500","O1500","2024-11-05","Net Banking","Success","18000"
"PAY1501","O1501","2024-11-05","Debit Card","Success","18000"
"PAY1502","O1502","2024-11-05","Cash on Delivery","Success","22000"
"PAY1503","O1503","2024-11-05","UPI","Success","2975"
"PAY1504","O1504","2024-11-06","Credit Card","Success","990"
"PAY1505","O1505","2024-11-06","Net Banking","Success","1710"
"PAY1506","O1506","2024-11-06","Debit Card","Success","3500"
"PAY1507","O1507","2024-11-06","UPI","Success","5700"
"PAY1508","O1508","2024-11-06","UPI","Success","12000"
"PAY1509","O1509","2024-11-07","Credit Card","Success","17100"
"PAY1510","O1510","2024-11-07","Net Banking","Success","13300"
"PAY1511","O1511","2024-11-07","Debit Card","Success","38250"
"PAY1512","O1512","2024-11-07","Cash on Delivery","Success","6300"
"PAY1513","O1513","2024-11-07","Credit Card","Success","15000"
"PAY1514","O1514","2024-11-07","Net Banking","Success","5600"
"PAY1515","O1515","2024-11-08","Net Banking","Success","3500"
"PAY1516","O1516","2024-11-08","Debit Card","Success","22000"
"PAY1517","O1517","2024-11-08","Cash on Delivery","Success","5600"
"PAY1518","O1518","2024-11-08","UPI","Success","5600"
"PAY1519","O1519","2024-11-08","Credit Card","Success","45000"
"PAY1520","O1520","2024-11-09","Net Banking","Success","5500"
"PAY1521","O1521","2024-11-09","Debit Card","Success","17100"
"PAY1522","O1522","2024-11-09","Cash on Delivery","Success","18700"
"PAY1523","O1523","2024-11-09","UPI","Success","45000"
"PAY1524","O1524","2024-11-09","Credit Card","Success","15000"
"PAY1525","O1525","2024-11-10","Net Banking","Success","5100"
"PAY1526","O1526","2024-11-10","Debit Card","Success","18700"
"PAY1527","O1527","2024-11-10","Cash on Delivery","Success","10200"
"PAY1528","O1528","2024-11-10","UPI","Success","6650"
"PAY1529","O1529","2024-11-10","Net Banking","Success","12600"
"PAY1530","O1530","2024-11-11","Debit Card","Success","2975"
"PAY1531","O1531","2024-11-11","Debit Card","Success","5500"
"PAY1532","O1532","2024-11-11","Cash on Delivery","Success","22000"
"PAY1533","O1533","2024-11-11","UPI","Success","12000"
"PAY1534","O1534","2024-11-11","Credit Card","Success","22000"
"PAY1535","O1535","2024-11-11","Net Banking","Success","16200"
"PAY1536","O1536","2024-11-12","Debit Card","Success","11000"
"PAY1537","O1537","2024-11-12","UPI","Success","3500"
"PAY1538","O1538","2024-11-12","UPI","Success","12600"
"PAY1539","O1539","2024-11-12","Net Banking","Success","5950"
"PAY1540","O1540","2024-11-12","Net Banking","Success","2200"
"PAY1541","O1541","2024-11-13","Debit Card","Success","600"
"PAY1542","O1542","2024-11-13","Cash on Delivery","Success","12000"
"PAY1543","O1543","2024-11-13","UPI","Success","38250"
"PAY1544","O1544","2024-11-13","Net Banking","Success","11000"
"PAY1545","O1545","2024-11-13","Net Banking","Success","12600"
"PAY1546","O1546","2024-11-14","Debit Card","Success","1140"
"PAY1547","O1547","2024-11-14","UPI","Success","14250"
"PAY1548","O1548","2024-11-14","UPI","Success","20900"
"PAY1549","O1549","2024-11-14","Credit Card","Success","22000"
"PAY1550","O1550","2024-11-14","Net Banking","Success","2800"
"PAY1551","O1551","2024-11-14","Debit Card","Success","1200"
"PAY1552","O1552","2024-11-15","Cash on Delivery","Success","15000"
"PAY1553","O1553","2024-11-15","UPI","Success","13500"
"PAY1554","O1554","2024-11-15","Net Banking","Success","5100"
"PAY1555","O1555","2024-11-15","Net Banking","Success","2520"
"PAY1556","O1556","2024-11-15","Debit Card","Success","10200"
"PAY1557","O1557","2024-11-16","Cash on Delivery","Success","22000"
"PAY1558","O1558","2024-11-16","UPI","Success","5600"
"PAY1559","O1559","2024-11-16","Net Banking","Success","900"
"PAY1560","O1560","2024-11-16","Debit Card","Success","3150"
"PAY1561","O1561","2024-11-16","Cash on Delivery","Success","900"
"PAY1562","O1562","2024-11-17","Cash on Delivery","Success","11400"
"PAY1563","O1563","2024-11-17","UPI","Success","1400"
"PAY1564","O1564","2024-11-17","Credit Card","Success","14000"
"PAY1565","O1565","2024-11-17","Net Banking","Success","14000"
"PAY1566","O1566","2024-11-17","Debit Card","Success","7000"
"PAY1567","O1567","2024-11-17","Cash on Delivery","Success","11400"
"PAY1568","O1568","2024-11-18","UPI","Success","20900"
"PAY1569","O1569","2024-11-18","Credit Card","Success","45000"
"PAY1570","O1570","2024-11-18","Net Banking","Success","17100"
"PAY1571","O1571","2024-11-18","Debit Card","Success","2975"
"PAY1572","O1572","2024-11-18","Cash on Delivery","Success","2160"
"PAY1573","O1573","2024-11-19","UPI","Success","5500"
"PAY1574","O1574","2024-11-19","Credit Card","Success","12000"
"PAY1575","O1575","2024-11-19","Net Banking","Success","42750"
"PAY1576","O1576","2024-11-19","Debit Card","Success","6650"
"PAY1577","O1577","2024-11-19","Cash on Delivery","Success","40500"
"PAY1578","O1578","2024-11-20","Credit Card","Success","6000"
"PAY1579","O1579","2024-11-20","Credit Card","Success","2380"
"PAY1580","O1580","2024-11-20","Net Banking","Success","11900"
"PAY1581","O1581","2024-11-20","Cash on Delivery","Success","600"
"PAY1582","O1582","2024-11-20","Cash on Delivery","Success","3420"
"PAY1583","O1583","2024-11-21","UPI","Success","950"
"PAY1584","O1584","2024-11-21","Credit Card","Success","2200"
"PAY1585","O1585","2024-11-21","Net Banking","Success","6300"
"PAY1586","O1586","2024-11-21","Debit Card","Success","13500"
"PAY1587","O1587","2024-11-21","Cash on Delivery","Success","14000"
"PAY1588","O1588","2024-11-21","UPI","Success","17100"
"PAY1589","O1589","2024-11-22","Credit Card","Success","1050"
"PAY1590","O1590","2024-11-22","Net Banking","Success","4760"
"PAY1591","O1591","2024-11-22","Debit Card","Success","3325"
"PAY1592","O1592","2024-11-22","Cash on Delivery","Success","45000"
"PAY1593","O1593","2024-11-22","UPI","Success","19800"
"PAY1594","O1594","2024-11-23","Net Banking","Success","13500"
"PAY1595","O1595","2024-11-23","Net Banking","Success","2800"
"PAY1596","O1596","2024-11-23","Cash on Delivery","Success","20900"
"PAY1597","O1597","2024-11-23","Cash on Delivery","Success","500"
"PAY1598","O1598","2024-11-23","UPI","Success","12750"
"PAY1599","O1599","2024-11-24","Credit Card","Success","16200"
"PAY1600","O1600","2024-11-24","Net Banking","Success","600"
"PAY1601","O1601","2024-11-24","Debit Card","Success","5100"
"PAY1602","O1602","2024-11-24","UPI","Success","42750"
"PAY1603","O1603","2024-11-24","UPI","Success","15300"
"PAY1604","O1604","2024-11-24","Net Banking","Success","20900"
"PAY1605","O1605","2024-11-25","Net Banking","Success","3150"
"PAY1606","O1606","2024-11-25","Debit Card","Success","12600"
"PAY1607","O1607","2024-11-25","Cash on Delivery","Success","1200"
"PAY1608","O1608","2024-11-25","UPI","Success","4675"
"PAY1609","O1609","2024-11-25","Credit Card","Success","1050"
"PAY1610","O1610","2024-11-26","Net Banking","Success","7000"
"PAY1611","O1611","2024-11-26","Debit Card","Success","285"
"PAY1612","O1612","2024-11-26","Cash on Delivery","Success","22000"
"PAY1613","O1613","2024-11-26","UPI","Success","22000"
"PAY1614","O1614","2024-11-26","Credit Card","Success","5500"
"PAY1615","O1615","2024-11-27","Net Banking","Success","2800"
"PAY1616","O1616","2024-11-27","Debit Card","Success","3500"
"PAY1617","O1617","2024-11-27","Cash on Delivery","Success","5320"
"PAY1618","O1618","2024-11-27","UPI","Success","38250"
"PAY1619","O1619","2024-11-27","Credit Card","Success","12600"
"PAY1620","O1620","2024-11-27","Net Banking","Success","18700"
"PAY1621","O1621","2024-11-28","Cash on Delivery","Success","3325"
"PAY1622","O1622","2024-11-28","Cash on Delivery","Success","238"
"PAY1623","O1623","2024-11-28","UPI","Success","4760"
"PAY1624","O1624","2024-11-28","Credit Card","Success","14250"
"PAY1625","O1625","2024-11-28","Debit Card","Success","9350"
"PAY1626","O1626","2024-11-29","Debit Card","Success","11000"
"PAY1627","O1627","2024-11-29","Cash on Delivery","Success","720"
"PAY1628","O1628","2024-11-29","UPI","Success","22000"
"PAY1629","O1629","2024-11-29","Credit Card","Success","5950"
"PAY1630","O1630","2024-11-29","Net Banking","Success","14000"
"PAY1631","O1631","2024-11-30","Debit Card","Success","40500"
"PAY1632","O1632","2024-11-30","Cash on Delivery","Success","40500"
"PAY1633","O1633","2024-11-30","Credit Card","Success","14000"
"PAY1634","O1634","2024-11-30","Net Banking","Success","20900"
"PAY1635","O1635","2024-11-30","Net Banking","Success","22000"
"PAY1636","O1636","2024-12-01","Cash on Delivery","Success","18000"
"PAY1637","O1637","2024-12-01","Cash on Delivery","Success","3500"
"PAY1638","O1638","2024-12-01","UPI","Success","10800"
"PAY1639","O1639","2024-12-01","Credit Card","Success","510"
"PAY1640","O1640","2024-12-01","Net Banking","Success","12000"
"PAY1641","O1641","2024-12-01","Debit Card","Success","22000"
"PAY1642","O1642","2024-12-02","Cash on Delivery","Success","11900"
"PAY1643","O1643","2024-12-02","UPI","Success","15000"
"PAY1644","O1644","2024-12-02","Credit Card","Success","510"
"PAY1645","O1645","2024-12-02","Net Banking","Success","19800"
"PAY1646","O1646","2024-12-02","Debit Card","Success","14000"
"PAY1647","O1647","2024-12-03","Cash on Delivery","Success","12000"
"PAY1648","O1648","2024-12-03","Credit Card","Success","15000"
"PAY1649","O1649","2024-12-03","Credit Card","Success","12000"
"PAY1650","O1650","2024-12-03","Net Banking","Success","12000"
"PAY1651","O1651","2024-12-03","Cash on Delivery","Success","3500"
"PAY1652","O1652","2024-12-04","Cash on Delivery","Success","12000"
"PAY1653","O1653","2024-12-04","UPI","Success","5950"
"PAY1654","O1654","2024-12-04","Credit Card","Success","45000"
"PAY1655","O1655","2024-12-04","Debit Card","Success","42750"
"PAY1656","O1656","2024-12-04","Debit Card","Success","15000"
"PAY1657","O1657","2024-12-04","Cash on Delivery","Success","5500"
"PAY1658","O1658","2024-12-05","UPI","Success","14250"
"PAY1659","O1659","2024-12-05","Credit Card","Success","42750"
"PAY1660","O1660","2024-12-05","Net Banking","Success","3600"
"PAY1661","O1661","2024-12-05","Debit Card","Success","10200"
"PAY1662","O1662","2024-12-05","Cash on Delivery","Success","18000"
"PAY1663","O1663","2024-12-06","UPI","Success","5225"
"PAY1664","O1664","2024-12-06","Credit Card","Success","9350"
"PAY1665","O1665","2024-12-06","Net Banking","Success","6300"
"PAY1666","O1666","2024-12-06","Debit Card","Success","11400"
"PAY1667","O1667","2024-12-06","Cash on Delivery","Success","7000"
"PAY1668","O1668","2024-12-07","UPI","Success","11400"
"PAY1669","O1669","2024-12-07","Credit Card","Success","6300"
"PAY1670","O1670","2024-12-07","Net Banking","Success","17100"
"PAY1671","O1671","2024-12-07","Debit Card","Success","11400"
"PAY1672","O1672","2024-12-07","Cash on Delivery","Success","1050"
"PAY1673","O1673","2024-12-07","UPI","Success","10200"
"PAY1674","O1674","2024-12-08","Credit Card","Success","5225"
"PAY1675","O1675","2024-12-08","Net Banking","Success","18000"
"PAY1676","O1676","2024-12-08","Debit Card","Success","12600"
"PAY1677","O1677","2024-12-08","Cash on Delivery","Success","19800"
"PAY1678","O1678","2024-12-08","UPI","Success","15000"
"PAY1679","O1679","2024-12-09","Credit Card","Success","7000"
"PAY1680","O1680","2024-12-09","Net Banking","Success","40500"
"PAY1681","O1681","2024-12-09","Cash on Delivery","Success","14250"
"PAY1682","O1682","2024-12-09","Cash on Delivery","Success","45000"
"PAY1683","O1683","2024-12-09","Credit Card","Success","20900"
"PAY1684","O1684","2024-12-10","Credit Card","Success","7000"
"PAY1685","O1685","2024-12-10","Net Banking","Success","5100"
"PAY1686","O1686","2024-12-10","Debit Card","Success","40500"
"PAY1687","O1687","2024-12-10","Cash on Delivery","Success","14000"
"PAY1688","O1688","2024-12-10","UPI","Success","42750"
"PAY1689","O1689","2024-12-10","Net Banking","Success","5225"
"PAY1690","O1690","2024-12-11","Net Banking","Success","42750"
"PAY1691","O1691","2024-12-11","Debit Card","Success","10800"
"PAY1692","O1692","2024-12-11","UPI","Success","16200"
"PAY1693","O1693","2024-12-11","Credit Card","Success","9900"
"PAY1694","O1694","2024-12-11","Credit Card","Success","3500"
"PAY1695","O1695","2024-12-12","Net Banking","Success","638"
"PAY1696","O1696","2024-12-12","Debit Card","Success","14000"
"PAY1697","O1697","2024-12-12","Cash on Delivery","Success","1080"
"PAY1698","O1698","2024-12-12","UPI","Success","15000"
"PAY1699","O1699","2024-12-12","Credit Card","Success","10800"
"PAY1700","O1700","2024-12-13","Net Banking","Success","14000"
"PAY1701","O1701","2024-12-13","Debit Card","Success","5700"
"PAY1702","O1702","2024-12-13","Cash on Delivery","Success","5225"
"PAY1703","O1703","2024-12-13","UPI","Success","3200"
"PAY1704","O1704","2024-12-13","Credit Card","Success","14250"
"PAY1705","O1705","2024-12-13","Net Banking","Success","4760"
"PAY1706","O1706","2024-12-14","Debit Card","Success","45000"
"PAY1707","O1707","2024-12-14","Cash on Delivery","Success","9350"
"PAY1708","O1708","2024-12-14","UPI","Success","3500"
"PAY1709","O1709","2024-12-14","Credit Card","Success","665"
"PAY1710","O1710","2024-12-14","Net Banking","Success","11900"
"PAY1711","O1711","2024-12-15","Cash on Delivery","Success","5500"
"PAY1712","O1712","2024-12-15","UPI","Success","38250"
"PAY1713","O1713","2024-12-15","UPI","Success","15000"
"PAY1714","O1714","2024-12-15","Credit Card","Success","1600"
"PAY1715","O1715","2024-12-15","Net Banking","Success","12000"
"PAY1716","O1716","2024-12-16","Debit Card","Success","18000"
"PAY1717","O1717","2024-12-16","Cash on Delivery","Success","12600"
"PAY1718","O1718","2024-12-16","UPI","Success","15000"
"PAY1719","O1719","2024-12-16","Net Banking","Success","1800"
"PAY1720","O1720","2024-12-16","Net Banking","Success","5100"
"PAY1721","O1721","2024-12-16","Debit Card","Success","2800"
"PAY1722","O1722","2024-12-17","Cash on Delivery","Success","12000"
"PAY1723","O1723","2024-12-17","UPI","Success","14000"
"PAY1724","O1724","2024-12-17","Net Banking","Success","3500"
"PAY1725","O1725","2024-12-17","Net Banking","Success","5600"
"PAY1726","O1726","2024-12-17","Debit Card","Success","5400"
"PAY1727","O1727","2024-12-18","Cash on Delivery","Success","3600"
"PAY1728","O1728","2024-12-18","UPI","Success","1600"
"PAY1729","O1729","2024-12-18","Net Banking","Success","1400"
"PAY1730","O1730","2024-12-18","Net Banking","Success","14000"
"PAY1731","O1731","2024-12-18","Debit Card","Success","38250"
"PAY1732","O1732","2024-12-19","Cash on Delivery","Success","19800"
"PAY1733","O1733","2024-12-19","UPI","Success","16200"
"PAY1734","O1734","2024-12-19","Credit Card","Success","11400"
"PAY1735","O1735","2024-12-19","Net Banking","Success","1140"
"PAY1736","O1736","2024-12-19","Debit Card","Success","10200"
"PAY1737","O1737","2024-12-19","Cash on Delivery","Success","13300"
"PAY1738","O1738","2024-12-20","UPI","Success","42750"
"PAY1739","O1739","2024-12-20","Credit Card","Success","1710"
"PAY1740","O1740","2024-12-20","Net Banking","Success","3500"
"PAY1741","O1741","2024-12-20","Debit Card","Success","3500"
"PAY1742","O1742","2024-12-20","Cash on Delivery","Success","855"
"PAY1743","O1743","2024-12-21","UPI","Success","2660"
"PAY1744","O1744","2024-12-21","Net Banking","Success","2880"
"PAY1745","O1745","2024-12-21","Net Banking","Success","760"
"PAY1746","O1746","2024-12-21","Debit Card","Success","893"
"PAY1747","O1747","2024-12-21","UPI","Success","17100"
"PAY1748","O1748","2024-12-22","UPI","Success","14000"
"PAY1749","O1749","2024-12-22","Credit Card","Success","18000"
"PAY1750","O1750","2024-12-22","Net Banking","Success","6000"
"PAY1751","O1751","2024-12-22","Debit Card","Success","1080"
"PAY1752","O1752","2024-12-22","Cash on Delivery","Success","22000"
"PAY1753","O1753","2024-12-22","UPI","Success","17100"
"PAY1754","O1754","2024-12-23","Credit Card","Success","5100"
"PAY1755","O1755","2024-12-23","Net Banking","Success","12600"
"PAY1756","O1756","2024-12-23","Debit Card","Success","12000"
"PAY1757","O1757","2024-12-23","Cash on Delivery","Success","14000"
"PAY1758","O1758","2024-12-23","UPI","Success","2800"
"PAY1759","O1759","2024-12-24","Credit Card","Success","2800"
"PAY1760","O1760","2024-12-24","Net Banking","Success","300"
"PAY1761","O1761","2024-12-24","Debit Card","Success","5950"
"PAY1762","O1762","2024-12-24","Cash on Delivery","Success","45000"
"PAY1763","O1763","2024-12-24","UPI","Success","5320"
"PAY1764","O1764","2024-12-25","Net Banking","Success","2800"
"PAY1765","O1765","2024-12-25","Net Banking","Success","13300"
"PAY1766","O1766","2024-12-25","Debit Card","Success","6300"
"PAY1767","O1767","2024-12-25","Cash on Delivery","Success","14000"
"PAY1768","O1768","2024-12-25","UPI","Success","13300"
"PAY1769","O1769","2024-12-25","Credit Card","Success","1200"
"PAY1770","O1770","2024-12-26","Net Banking","Success","18000"
"PAY1771","O1771","2024-12-26","Debit Card","Success","2160"
"PAY1772","O1772","2024-12-26","UPI","Success","5500"
"PAY1773","O1773","2024-12-26","UPI","Success","5320"
"PAY1774","O1774","2024-12-26","Credit Card","Success","11400"
"PAY1775","O1775","2024-12-27","Net Banking","Success","760"
"PAY1776","O1776","2024-12-27","Debit Card","Success","3500"
"PAY1777","O1777","2024-12-27","Cash on Delivery","Success","42750"
"PAY1778","O1778","2024-12-27","UPI","Success","38250"
"PAY1779","O1779","2024-12-27","Credit Card","Success","1140"
"PAY1780","O1780","2024-12-28","Net Banking","Success","45000"
"PAY1781","O1781","2024-12-28","Debit Card","Success","3500"
"PAY1782","O1782","2024-12-28","Cash on Delivery","Success","38250"
"PAY1783","O1783","2024-12-28","UPI","Success","495"
"PAY1784","O1784","2024-12-28","Credit Card","Success","5500"
"PAY1785","O1785","2024-12-28","Net Banking","Success","12000"
"PAY1786","O1786","2024-12-29","Debit Card","Success","213"
"PAY1787","O1787","2024-12-29","Cash on Delivery","Success","6650"
"PAY1788","O1788","2024-12-29","UPI","Success","750"
"PAY1789","O1789","2024-12-29","Credit Card","Success","18000"
"PAY1790","O1790","2024-12-29","Net Banking","Success","3150"
"PAY1791","O1791","2024-12-30","Debit Card","Success","2880"
"PAY1792","O1792","2024-12-30","Cash on Delivery","Success","1800"
"PAY1793","O1793","2024-12-30","UPI","Success","2520"
"PAY1794","O1794","2024-12-30","Credit Card","Success","9900"
"PAY1795","O1795","2024-12-30","Net Banking","Success","10200"
"PAY1796","O1796","2024-12-31","Debit Card","Success","5950"
"PAY1797","O1797","2024-12-31","Cash on Delivery","Success","1080"
"PAY1798","O1798","2024-12-31","UPI","Success","40500"
"PAY1799","O1799","2024-12-31","Credit Card","Success","238"
"PAY1800","O1800","2024-12-31","Net Banking","Success","18700"