order_id,order_date,customer_id,customer_name,city,product_id,product_name,category,quantity,unit_cost,unit_price,discount,revenue,cost,profit
O0001,2024-01-01,C115,Sai Reddy,Pune,P017,Coffee Beans,Grocery,3,300,550,0.1,1485,900,585
O0002,2024-01-01,C029,Vihaan Mukherjee,Ahmedabad,P009,Jacket,Fashion,2,1200,3500,0,7000,2400,4600
O0003,2024-01-01,C087,Ishaan Yadav,Bangalore,P017,Coffee Beans,Grocery,1,300,550,0,550,300,250
O0004,2024-01-01,C080,Shaurya Patel,Hyderabad,P003,Headphones,Electronics,1,1500,3500,0.05,3325,1500,1825
O0005,2024-01-01,C028,Sanjay Joshi,Chennai,P014,Bed Frame,Furniture,1,6000,15000,0.05,14250,6000,8250
O0006,2024-01-02,C033,Anushka Gupta,Lucknow,P019,Fiction Novel,Books,1,120,300,0.15,255,120,135
O0007,2024-01-02,C009,Pranav Mukherjee,Ahmedabad,P007,Jeans,Fashion,1,600,1800,0.15,1530,600,930
O0008,2024-01-02,C017,Ananya Iyer,Bangalore,P015,Rice 5kg,Grocery,3,200,350,0,1050,600,450
O0009,2024-01-02,C011,Priya Sharma,Delhi,P010,Saree,Fashion,1,900,2800,0.05,2660,900,1760
O0010,2024-01-02,C024,Rithvik Kumar,Mumbai,P012,Dining Table,Furniture,1,5000,12000,0.05,11400,5000,6400
O0011,2024-01-03,C077,Manish Iyer,Bangalore,P014,Bed Frame,Furniture,1,6000,15000,0.15,12750,6000,6750
O0012,2024-01-03,C066,Advik Rao,Jaipur,P004,Smartwatch,Electronics,2,3000,6000,0,12000,6000,6000
O0013,2024-01-03,C027,Manish Yadav,Bangalore,P003,Headphones,Electronics,1,1500,3500,0,3500,1500,2000
O0014,2024-01-03,C092,Vikram Mehta,Kolkata,P002,Smartphone,Electronics,1,12000,22000,0.05,20900,12000,8900
O0015,2024-01-04,C038,Dhruv Saxena,Chennai,P003,Headphones,Electronics,2,1500,3500,0,7000,3000,4000
O0016,2024-01-04,C060,Diya Patel,Hyderabad,P014,Bed Frame,Furniture,1,6000,15000,0.15,12750,6000,6750
O0017,2024-01-04,C004,Riya Kumar,Mumbai,P003,Headphones,Electronics,2,1500,3500,0,7000,3000,4000
O0018,2024-01-04,C003,Gauri Bhat,Lucknow,P008,Sneakers,Fashion,2,1000,2800,0.1,5040,2000,3040
O0019,2024-01-04,C108,Reyansh Joshi,Chennai,P014,Bed Frame,Furniture,1,6000,15000,0.05,14250,6000,8250
O0020,2024-01-05,C017,Ananya Iyer,Bangalore,P016,Cooking Oil,Grocery,4,150,250,0,1000,600,400
O0021,2024-01-05,C073,Atharv Gupta,Lucknow,P012,Dining Table,Furniture,1,5000,12000,0.1,10800,5000,5800
O0022,2024-01-05,C076,Meera Pandey,Jaipur,P013,Office Chair,Furniture,1,2500,5500,0,5500,2500,3000
O0023,2024-01-05,C013,Rohit Gupta,Lucknow,P004,Smartwatch,Electronics,2,3000,6000,0,12000,6000,6000
O0024,2024-01-06,C049,Amit Mukherjee,Ahmedabad,P005,Monitor,Electronics,1,7000,14000,0.15,11900,7000,4900
O0025,2024-01-06,C012,Sneha Mehta,Kolkata,P010,Saree,Fashion,2,900,2800,0,5600,1800,3800
O0026,2024-01-06,C019,Roshni Nair,Ahmedabad,P008,Sneakers,Fashion,1,1000,2800,0.1,2520,1000,1520
O0027,2024-01-06,C015,Sai Reddy,Pune,P019,Fiction Novel,Books,1,120,300,0,300,120,180
O0028,2024-01-06,C008,Reyansh Joshi,Chennai,P012,Dining Table,Furniture,1,5000,12000,0.05,11400,5000,6400
O0029,2024-01-07,C103,Gauri Bhat,Lucknow,P005,Monitor,Electronics,1,7000,14000,0.15,11900,7000,4900
O0030,2024-01-07,C079,Vihaan Nair,Ahmedabad,P004,Smartwatch,Electronics,1,3000,6000,0.15,5100,3000,2100
O0031,2024-01-07,C015,Sai Reddy,Pune,P001,Laptop,Electronics,1,25000,45000,0,45000,25000,20000
O0032,2024-01-07,C047,Saanvi Yadav,Bangalore,P012,Dining Table,Furniture,1,5000,12000,0.05,11400,5000,6400
O0033,2024-01-07,C097,Saanvi Iyer,Bangalore,P004,Smartwatch,Electronics,1,3000,6000,0.1,5400,3000,2400
O0034,2024-01-08,C037,Ishaan Iyer,Bangalore,P014,Bed Frame,Furniture,1,6000,15000,0,15000,6000,9000
O0035,2024-01-08,C077,Manish Iyer,Bangalore,P006,T-Shirt,Fashion,4,200,600,0,2400,800,1600
O0036,2024-01-08,C113,Rohit Gupta,Lucknow,P013,Office Chair,Furniture,2,2500,5500,0,11000,5000,6000
O0037,2024-01-08,C080,Shaurya Patel,Hyderabad,P002,Smartphone,Electronics,1,12000,22000,0.15,18700,12000,6700
O0038,2024-01-09,C007,Deepak Yadav,Bangalore,P005,Monitor,Electronics,1,7000,14000,0.1,12600,7000,5600
O0039,2024-01-09,C041,Lakshmi Chopra,Delhi,P004,Smartwatch,Electronics,1,3000,6000,0.15,5100,3000,2100
O0040,2024-01-09,C002,Advaith Singh,Kolkata,P014,Bed Frame,Furniture,1,6000,15000,0,15000,6000,9000
O0041,2024-01-09,C001,Ayaan Chopra,Delhi,P020,Business Strategy,Books,4,350,800,0.15,2720,1400,1320
O0042,2024-01-09,C020,Rahul Patel,Hyderabad,P002,Smartphone,Electronics,1,12000,22000,0,22000,12000,10000
O0043,2024-01-10,C033,Anushka Gupta,Lucknow,P005,Monitor,Electronics,1,7000,14000,0,14000,7000,7000
O0044,2024-01-10,C010,Diya Verma,Hyderabad,P005,Monitor,Electronics,1,7000,14000,0.05,13300,7000,6300
O0045,2024-01-10,C005,Deepika Mishra,Pune,P020,Business Strategy,Books,1,350,800,0.1,720,350,370
O0046,2024-01-10,C002,Advaith Singh,Kolkata,P011,Sofa,Furniture,1,8000,18000,0.05,17100,8000,9100
O0047,2024-01-11,C089,Kavya Mukherjee,Ahmedabad,P002,Smartphone,Electronics,1,12000,22000,0.15,18700,12000,6700
O0048,2024-01-11,C098,Neha Saxena,Chennai,P012,Dining Table,Furniture,1,5000,12000,0.1,10800,5000,5800
O0049,2024-01-11,C007,Deepak Yadav,Bangalore,P002,Smartphone,Electronics,1,12000,22000,0.1,19800,12000,7800
O0050,2024-01-11,C007,Deepak Yadav,Bangalore,P001,Laptop,Electronics,1,25000,45000,0.05,42750,25000,17750
O0051,2024-01-11,C094,Krishna Deshmukh,Mumbai,P013,Office Chair,Furniture,2,2500,5500,0.1,9900,5000,4900
O0052,2024-01-12,C063,Rohit Bhat,Lucknow,P012,Dining Table,Furniture,1,5000,12000,0.15,10200,5000,5200
O0053,2024-01-12,C005,Deepika Mishra,Pune,P002,Smartphone,Electronics,1,12000,22000,0.05,20900,12000,8900
O0054,2024-01-12,C032,Khushi Mehta,Kolkata,P010,Saree,Fashion,1,900,2800,0.05,2660,900,1760
O0055,2024-01-12,C024,Rithvik Kumar,Mumbai,P007,Jeans,Fashion,2,600,1800,0.05,3420,1200,2220
O0056,2024-01-13,C024,Rithvik Kumar,Mumbai,P013,Office Chair,Furniture,1,2500,5500,0.15,4675,2500,2175
O0057,2024-01-13,C107,Deepak Yadav,Bangalore,P012,Dining Table,Furniture,1,5000,12000,0.1,10800,5000,5800
O0058,2024-01-13,C017,Ananya Iyer,Bangalore,P005,Monitor,Electronics,1,7000,14000,0.15,11900,7000,4900
O0059,2024-01-13,C102,Advaith Singh,Kolkata,P009,Jacket,Fashion,2,1200,3500,0,7000,2400,4600
O0060,2024-01-13,C094,Krishna Deshmukh,Mumbai,P005,Monitor,Electronics,1,7000,14000,0,14000,7000,7000
O0061,2024-01-14,C004,Riya Kumar,Mumbai,P014,Bed Frame,Furniture,1,6000,15000,0.15,12750,6000,6750
O0062,2024-01-14,C104,Riya Kumar,Mumbai,P018,Python Book,Books,4,250,600,0,2400,1000,1400
O0063,2024-01-14,C022,Arjun Singh,Kolkata,P012,Dining Table,Furniture,1,5000,12000,0.05,11400,5000,6400
O0064,2024-01-14,C020,Rahul Patel,Hyderabad,P012,Dining Table,Furniture,1,5000,12000,0,12000,5000,7000
O0065,2024-01-14,C023,Atharv Bhat,Lucknow,P010,Saree,Fashion,2,900,2800,0,5600,1800,3800
O0066,2024-01-15,C022,Arjun Singh,Kolkata,P012,Dining Table,Furniture,1,5000,12000,0,12000,5000,7000
O0067,2024-01-15,C074,Rithvik Deshmukh,Mumbai,P002,Smartphone,Electronics,1,12000,22000,0.15,18700,12000,6700
O0068,2024-01-15,C058,Reyansh Saxena,Chennai,P004,Smartwatch,Electronics,2,3000,6000,0,12000,6000,6000
O0069,2024-01-15,C112,Sneha Mehta,Kolkata,P002,Smartphone,Electronics,1,12000,22000,0.05,20900,12000,8900
O0070,2024-01-16,C074,Rithvik Deshmukh,Mumbai,P005,Monitor,Electronics,1,7000,14000,0.05,13300,7000,6300
O0071,2024-01-16,C043,Vivaan Bhat,Lucknow,P020,Business Strategy,Books,2,350,800,0.05,1520,700,820
O0072,2024-01-16,C015,Sai Reddy,Pune,P012,Dining Table,Furniture,1,5000,12000,0,12000,5000,7000
O0073,2024-01-16,C062,Sneha Singh,Kolkata,P018,Python Book,Books,2,250,600,0.1,1080,500,580
O0074,2024-01-16,C090,Tanvi Verma,Hyderabad,P011,Sofa,Furniture,1,8000,18000,0,18000,8000,10000
O0075,2024-01-17,C035,Rajesh Reddy,Pune,P020,Business Strategy,Books,2,350,800,0.15,1360,700,660
O0076,2024-01-17,C001,Ayaan Chopra,Delhi,P011,Sofa,Furniture,1,8000,18000,0.05,17100,8000,9100
O0077,2024-01-17,C019,Roshni Nair,Ahmedabad,P011,Sofa,Furniture,1,8000,18000,0.1,16200,8000,8200
O0078,2024-01-17,C005,Deepika Mishra,Pune,P004,Smartwatch,Electronics,1,3000,6000,0.15,5100,3000,2100
O0079,2024-01-18,C100,Aarav Patel,Hyderabad,P002,Smartphone,Electronics,1,12000,22000,0,22000,12000,10000
O0080,2024-01-18,C022,Arjun Singh,Kolkata,P019,Fiction Novel,Books,2,120,300,0,600,240,360
O0081,2024-01-18,C086,Aditya Rao,Jaipur,P001,Laptop,Electronics,1,25000,45000,0,45000,25000,20000
O0082,2024-01-18,C119,Roshni Nair,Ahmedabad,P013,Office Chair,Furniture,2,2500,5500,0,11000,5000,6000
O0083,2024-01-18,C005,Deepika Mishra,Pune,P003,Headphones,Electronics,1,1500,3500,0,3500,1500,2000
O0084,2024-01-19,C072,Arjun Mehta,Kolkata,P007,Jeans,Fashion,2,600,1800,0.05,3420,1200,2220
O0085,2024-01-19,C023,Atharv Bhat,Lucknow,P005,Monitor,Electronics,1,7000,14000,0.05,13300,7000,6300
O0086,2024-01-19,C077,Manish Iyer,Bangalore,P001,Laptop,Electronics,1,25000,45000,0,45000,25000,20000
O0087,2024-01-19,C113,Rohit Gupta,Lucknow,P013,Office Chair,Furniture,2,2500,5500,0,11000,5000,6000
O0088,2024-01-19,C088,Dhruv Joshi,Chennai,P014,Bed Frame,Furniture,1,6000,15000,0.05,14250,6000,8250
O0089,2024-01-20,C005,Deepika Mishra,Pune,P012,Dining Table,Furniture,1,5000,12000,0.15,10200,5000,5200
O0090,2024-01-20,C017,Ananya Iyer,Bangalore,P012,Dining Table,Furniture,1,5000,12000,0,12000,5000,7000
O0091,2024-01-20,C040,Tanvi Patel,Hyderabad,P020,Business Strategy,Books,1,350,800,0.1,720,350,370
O0092,2024-01-20,C075,Navya Reddy,Pune,P004,Smartwatch,Electronics,1,3000,6000,0.15,5100,3000,2100
O0093,2024-01-21,C037,Ishaan Iyer,Bangalore,P001,Laptop,Electronics,1,25000,45000,0.15,38250,25000,13250
O0094,2024-01-21,C005,Deepika Mishra,Pune,P009,Jacket,Fashion,1,1200,3500,0,3500,1200,2300
O0095,2024-01-21,C099,Amit Nair,Ahmedabad,P015,Rice 5kg,Grocery,1,200,350,0,350,200,150
O0096,2024-01-21,C052,Advaith Mehta,Kolkata,P003,Headphones,Electronics,1,1500,3500,0,3500,1500,2000
O0097,2024-01-21,C116,Advik Pandey,Jaipur,P002,Smartphone,Electronics,1,12000,22000,0.1,19800,12000,7800
O0098,2024-01-22,C086,Aditya Rao,Jaipur,P018,Python Book,Books,2,250,600,0.05,1140,500,640
O0099,2024-01-22,C071,Sunil Sharma,Delhi,P005,Monitor,Electronics,1,7000,14000,0.1,12600,7000,5600
O0100,2024-01-22,C111,Priya Sharma,Delhi,P012,Dining Table,Furniture,1,5000,12000,0.1,10800,5000,5800
O0101,2024-01-22,C095,Aaryan Reddy,Pune,P014,Bed Frame,Furniture,1,6000,15000,0.05,14250,6000,8250
O0102,2024-01-23,C004,Riya Kumar,Mumbai,P008,Sneakers,Fashion,2,1000,2800,0.05,5320,2000,3320
O0103,2024-01-23,C081,Kabir Chopra,Delhi,P005,Monitor,Electronics,1,7000,14000,0,14000,7000,7000
O0104,2024-01-23,C093,Vivaan Gupta,Lucknow,P002,Smartphone,Electronics,1,12000,22000,0,22000,12000,10000
O0105,2024-01-23,C085,Rajesh Mishra,Pune,P005,Monitor,Electronics,1,7000,14000,0.15,11900,7000,4900
O0106,2024-01-23,C095,Aaryan Reddy,Pune,P015,Rice 5kg,Grocery,4,200,350,0,1400,800,600
O0107,2024-01-24,C017,Ananya Iyer,Bangalore,P002,Smartphone,Electronics,1,12000,22000,0.1,19800,12000,7800
O0108,2024-01-24,C038,Dhruv Saxena,Chennai,P012,Dining Table,Furniture,1,5000,12000,0,12000,5000,7000
O0109,2024-01-24,C031,Kabir Sharma,Delhi,P012,Dining Table,Furniture,1,5000,12000,0,12000,5000,7000
O0110,2024-01-24,C087,Ishaan Yadav,Bangalore,P002,Smartphone,Electronics,1,12000,22000,0,22000,12000,10000
O0111,2024-01-25,C060,Diya Patel,Hyderabad,P003,Headphones,Electronics,2,1500,3500,0,7000,3000,4000
O0112,2024-01-25,C084,Swati Kumar,Mumbai,P001,Laptop,Electronics,1,25000,45000,0.1,40500,25000,15500
O0113,2024-01-25,C014,Karan Deshmukh,Mumbai,P005,Monitor,Electronics,1,7000,14000,0,14000,7000,7000
O0114,2024-01-25,C010,Diya Verma,Hyderabad,P019,Fiction Novel,Books,2,120,300,0.05,570,240,330
O0115,2024-01-25,C085,Rajesh Mishra,Pune,P009,Jacket,Fashion,2,1200,3500,0,7000,2400,4600
O0116,2024-01-26,C006,Suresh Rao,Jaipur,P008,Sneakers,Fashion,2,1000,2800,0,5600,2000,3600
O0117,2024-01-26,C016,Advik Pandey,Jaipur,P004,Smartwatch,Electronics,1,3000,6000,0.05,5700,3000,2700
O0118,2024-01-26,C012,Sneha Mehta,Kolkata,P018,Python Book,Books,1,250,600,0.15,510,250,260
O0119,2024-01-26,C030,Shaurya Verma,Hyderabad,P010,Saree,Fashion,1,900,2800,0,2800,900,1900
O0120,2024-01-26,C020,Rahul Patel,Hyderabad,P003,Headphones,Electronics,1,1500,3500,0,3500,1500,2000
O0121,2024-01-27,C086,Aditya Rao,Jaipur,P017,Coffee Beans,Grocery,3,300,550,0.1,1485,900,585
O0122,2024-01-27,C080,Shaurya Patel,Hyderabad,P018,Python Book,Books,1,250,600,0.1,540,250,290
O0123,2024-01-27,C116,Advik Pandey,Jaipur,P002,Smartphone,Electronics,1,12000,22000,0.05,20900,12000,8900
O0124,2024-01-27,C093,Vivaan Gupta,Lucknow,P005,Monitor,Electronics,1,7000,14000,0,14000,7000,7000
O0125,2024-01-28,C102,Advaith Singh,Kolkata,P013,Office Chair,Furniture,2,2500,5500,0,11000,5000,6000
O0126,2024-01-28,C058,Reyansh Saxena,Chennai,P014,Bed Frame,Furniture,1,6000,15000,0.15,12750,6000,6750
O0127,2024-01-28,C009,Pranav Mukherjee,Ahmedabad,P012,Dining Table,Furniture,1,5000,12000,0.05,11400,5000,6400
O0128,2024-01-28,C112,Sneha Mehta,Kolkata,P001,Laptop,Electronics,1,25000,45000,0.05,42750,25000,17750
O0129,2024-01-28,C016,Advik Pandey,Jaipur,P002,Smartphone,Electronics,1,12000,22000,0,22000,12000,10000
O0130,2024-01-29,C019,Roshni Nair,Ahmedabad,P010,Saree,Fashion,1,900,2800,0,2800,900,1900
O0131,2024-01-29,C079,Vihaan Nair,Ahmedabad,P011,Sofa,Furniture,1,8000,18000,0,18000,8000,10000
O0132,2024-01-29,C051,Ayaan Sharma,Delhi,P012,Dining Table,Furniture,1,5000,12000,0,12000,5000,7000
O0133,2024-01-29,C063,Rohit Bhat,Lucknow,P008,Sneakers,Fashion,2,1000,2800,0.05,5320,2000,3320
O0134,2024-01-30,C109,Pranav Mukherjee,Ahmedabad,P010,Saree,Fashion,1,900,2800,0,2800,900,1900
O0135,2024-01-30,C025,Navya Mishra,Pune,P001,Laptop,Electronics,1,25000,45000,0,45000,25000,20000
O0136,2024-01-30,C120,Rahul Patel,Hyderabad,P001,Laptop,Electronics,1,25000,45000,0,45000,25000,20000
O0137,2024-01-30,C024,Rithvik Kumar,Mumbai,P011,Sofa,Furniture,1,8000,18000,0.15,15300,8000,7300
O0138,2024-01-30,C118,Pooja Saxena,Chennai,P011,Sofa,Furniture,1,8000,18000,0,18000,8000,10000
O0139,2024-01-31,C104,Riya Kumar,Mumbai,P009,Jacket,Fashion,1,1200,3500,0,3500,1200,2300
O0140,2024-01-31,C089,Kavya Mukherjee,Ahmedabad,P007,Jeans,Fashion,1,600,1800,0,1800,600,1200
O0141,2024-01-31,C119,Roshni Nair,Ahmedabad,P012,Dining Table,Furniture,1,5000,12000,0,12000,5000,7000
O0142,2024-01-31,C061,Priya Chopra,Delhi,P006,T-Shirt,Fashion,2,200,600,0.05,1140,400,740
O0143,2024-02-01,C074,Rithvik Deshmukh,Mumbai,P011,Sofa,Furniture,1,8000,18000,0.1,16200,8000,8200
O0144,2024-02-01,C061,Priya Chopra,Delhi,P010,Saree,Fashion,2,900,2800,0.05,5320,1800,3520
O0145,2024-02-01,C115,Sai Reddy,Pune,P005,Monitor,Electronics,1,7000,14000,0.05,13300,7000,6300
O0146,2024-02-01,C013,Rohit Gupta,Lucknow,P010,Saree,Fashion,1,900,2800,0.05,2660,900,1760
O0147,2024-02-01,C119,Roshni Nair,Ahmedabad,P009,Jacket,Fashion,2,1200,3500,0,7000,2400,4600
O0148,2024-02-02,C059,Pranav Nair,Ahmedabad,P019,Fiction Novel,Books,4,120,300,0.15,1020,480,540
O0149,2024-02-02,C058,Reyansh Saxena,Chennai,P006,T-Shirt,Fashion,2,200,600,0.15,1020,400,620
O0150,2024-02-02,C007,Deepak Yadav,Bangalore,P007,Jeans,Fashion,1,600,1800,0.05,1710,600,1110
O0151,2024-02-02,C004,Riya Kumar,Mumbai,P017,Coffee Beans,Grocery,1,300,550,0,550,300,250
O0152,2024-02-02,C011,Priya Sharma,Delhi,P006,T-Shirt,Fashion,4,200,600,0,2400,800,1600
O0153,2024-02-03,C013,Rohit Gupta,Lucknow,P006,T-Shirt,Fashion,4,200,600,0.1,2160,800,1360
O0154,2024-02-03,C110,Diya Verma,Hyderabad,P018,Python Book,Books,4,250,600,0.05,2280,1000,1280
O0155,2024-02-03,C043,Vivaan Bhat,Lucknow,P006,T-Shirt,Fashion,1,200,600,0,600,200,400
O0156,2024-02-03,C016,Advik Pandey,Jaipur,P013,Office Chair,Furniture,2,2500,5500,0.15,9350,5000,4350
O0157,2024-02-04,C033,Anushka Gupta,Lucknow,P008,Sneakers,Fashion,2,1000,2800,0.05,5320,2000,3320
O0158,2024-02-04,C027,Manish Yadav,Bangalore,P014,Bed Frame,Furniture,1,6000,15000,0,15000,6000,9000
O0159,2024-02-04,C037,Ishaan Iyer,Bangalore,P008,Sneakers,Fashion,1,1000,2800,0.15,2380,1000,1380
O0160,2024-02-04,C094,Krishna Deshmukh,Mumbai,P013,Office Chair,Furniture,2,2500,5500,0.05,10450,5000,5450
O0161,2024-02-04,C088,Dhruv Joshi,Chennai,P007,Jeans,Fashion,2,600,1800,0,3600,1200,2400
O0162,2024-02-05,C027,Manish Yadav,Bangalore,P006,T-Shirt,Fashion,3,200,600,0,1800,600,1200
O0163,2024-02-05,C109,Pranav Mukherjee,Ahmedabad,P007,Jeans,Fashion,2,600,1800,0,3600,1200,2400
O0164,2024-02-05,C031,Kabir Sharma,Delhi,P001,Laptop,Electronics,1,25000,45000,0,45000,25000,20000
O0165,2024-02-05,C008,Reyansh Joshi,Chennai,P008,Sneakers,Fashion,2,1000,2800,0.15,4760,2000,2760
O0166,2024-02-06,C078,Sanjay Saxena,Chennai,P005,Monitor,Electronics,1,7000,14000,0.1,12600,7000,5600
O0167,2024-02-06,C081,Kabir Chopra,Delhi,P001,Laptop,Electronics,1,25000,45000,0.1,40500,25000,15500
O0168,2024-02-06,C086,Aditya Rao,Jaipur,P001,Laptop,Electronics,1,25000,45000,0.05,42750,25000,17750
O0169,2024-02-06,C046,Isha Rao,Jaipur,P005,Monitor,Electronics,1,7000,14000,0.05,13300,7000,6300
O0170,2024-02-06,C002,Advaith Singh,Kolkata,P003,Headphones,Electronics,1,1500,3500,0,3500,1500,2000
O0171,2024-02-07,C006,Suresh Rao,Jaipur,P003,Headphones,Electronics,2,1500,3500,0.15,5950,3000,2950
O0172,2024-02-07,C003,Gauri Bhat,Lucknow,P007,Jeans,Fashion,1,600,1800,0,1800,600,1200
O0173,2024-02-07,C032,Khushi Mehta,Kolkata,P007,Jeans,Fashion,2,600,1800,0.1,3240,1200,2040
O0174,2024-02-07,C107,Deepak Yadav,Bangalore,P014,Bed Frame,Furniture,1,6000,15000,0.1,13500,6000,7500
O0175,2024-02-08,C062,Sneha Singh,Kolkata,P006,T-Shirt,Fashion,2,200,600,0,1200,400,800
O0176,2024-02-08,C112,Sneha Mehta,Kolkata,P001,Laptop,Electronics,1,25000,45000,0,45000,25000,20000
O0177,2024-02-08,C009,Pranav Mukherjee,Ahmedabad,P009,Jacket,Fashion,2,1200,3500,0,7000,2400,4600
O0178,2024-02-08,C031,Kabir Sharma,Delhi,P015,Rice 5kg,Grocery,2,200,350,0,700,400,300
O0179,2024-02-08,C012,Sneha Mehta,Kolkata,P010,Saree,Fashion,1,900,2800,0.1,2520,900,1620
O0180,2024-02-09,C081,Kabir Chopra,Delhi,P014,Bed Frame,Furniture,1,6000,15000,0,15000,6000,9000
O0181,2024-02-09,C087,Ishaan Yadav,Bangalore,P012,Dining Table,Furniture,1,5000,12000,0.1,10800,5000,5800
O0182,2024-02-09,C043,Vivaan Bhat,Lucknow,P020,Business Strategy,Books,4,350,800,0.1,2880,1400,1480
O0183,2024-02-09,C040,Tanvi Patel,Hyderabad,P012,Dining Table,Furniture,1,5000,12000,0,12000,5000,7000
O0184,2024-02-10,C007,Deepak Yadav,Bangalore,P008,Sneakers,Fashion,2,1000,2800,0.05,5320,2000,3320
O0185,2024-02-10,C022,Arjun Singh,Kolkata,P004,Smartwatch,Electronics,1,3000,6000,0.1,5400,3000,2400
O0186,2024-02-10,C075,Navya Reddy,Pune,P009,Jacket,Fashion,2,1200,3500,0.05,6650,2400,4250
O0187,2024-02-10,C009,Pranav Mukherjee,Ahmedabad,P010,Saree,Fashion,1,900,2800,0.1,2520,900,1620
O0188,2024-02-10,C085,Rajesh Mishra,Pune,P008,Sneakers,Fashion,2,1000,2800,0.05,5320,2000,3320
O0189,2024-02-11,C020,Rahul Patel,Hyderabad,P004,Smartwatch,Electronics,2,3000,6000,0,12000,6000,6000
O0190,2024-02-11,C101,Ayaan Chopra,Delhi,P018,Python Book,Books,3,250,600,0.15,1530,750,780
O0191,2024-02-11,C083,Anushka Bhat,Lucknow,P011,Sofa,Furniture,1,8000,18000,0.1,16200,8000,8200
O0192,2024-02-11,C014,Karan Deshmukh,Mumbai,P007,Jeans,Fashion,2,600,1800,0,3600,1200,2400
O0193,2024-02-11,C079,Vihaan Nair,Ahmedabad,P004,Smartwatch,Electronics,1,3000,6000,0.1,5400,3000,2400
O0194,2024-02-12,C116,Advik Pandey,Jaipur,P006,T-Shirt,Fashion,3,200,600,0.15,1530,600,930
O0195,2024-02-12,C091,Lakshmi Sharma,Delhi,P013,Office Chair,Furniture,2,2500,5500,0,11000,5000,6000
O0196,2024-02-12,C063,Rohit Bhat,Lucknow,P004,Smartwatch,Electronics,2,3000,6000,0.1,10800,6000,4800
O0197,2024-02-12,C086,Aditya Rao,Jaipur,P013,Office Chair,Furniture,1,2500,5500,0.15,4675,2500,2175
O0198,2024-02-13,C050,Aarav Verma,Hyderabad,P013,Office Chair,Furniture,1,2500,5500,0,5500,2500,3000
O0199,2024-02-13,C098,Neha Saxena,Chennai,P019,Fiction Novel,Books,3,120,300,0.1,810,360,450
O0200,2024-02-13,C084,Swati Kumar,Mumbai,P005,Monitor,Electronics,1,7000,14000,0.05,13300,7000,6300
O0201,2024-02-13,C117,Ananya Iyer,Bangalore,P006,T-Shirt,Fashion,4,200,600,0.15,2040,800,1240
O0202,2024-02-13,C001,Ayaan Chopra,Delhi,P019,Fiction Novel,Books,1,120,300,0.05,285,120,165
O0203,2024-02-14,C051,Ayaan Sharma,Delhi,P010,Saree,Fashion,1,900,2800,0.1,2520,900,1620
O0204,2024-02-14,C099,Amit Nair,Ahmedabad,P020,Business Strategy,Books,3,350,800,0.05,2280,1050,1230
O0205,2024-02-14,C093,Vivaan Gupta,Lucknow,P001,Laptop,Electronics,1,25000,45000,0.1,40500,25000,15500
O0206,2024-02-14,C056,Suresh Pandey,Jaipur,P004,Smartwatch,Electronics,1,3000,6000,0.05,5700,3000,2700
O0207,2024-02-15,C109,Pranav Mukherjee,Ahmedabad,P014,Bed Frame,Furniture,1,6000,15000,0,15000,6000,9000
O0208,2024-02-15,C032,Khushi Mehta,Kolkata,P006,T-Shirt,Fashion,4,200,600,0.05,2280,800,1480
O0209,2024-02-15,C010,Diya Verma,Hyderabad,P004,Smartwatch,Electronics,1,3000,6000,0.15,5100,3000,2100
O0210,2024-02-15,C030,Shaurya Verma,Hyderabad,P005,Monitor,Electronics,1,7000,14000,0,14000,7000,7000
O0211,2024-02-15,C053,Gauri Gupta,Lucknow,P012,Dining Table,Furniture,1,5000,12000,0.15,10200,5000,5200
O0212,2024-02-16,C001,Ayaan Chopra,Delhi,P006,T-Shirt,Fashion,4,200,600,0,2400,800,1600
O0213,2024-02-16,C101,Ayaan Chopra,Delhi,P006,T-Shirt,Fashion,4,200,600,0.15,2040,800,1240
O0214,2024-02-16,C091,Lakshmi Sharma,Delhi,P005,Monitor,Electronics,1,7000,14000,0,14000,7000,7000
O0215,2024-02-16,C049,Amit Mukherjee,Ahmedabad,P001,Laptop,Electronics,1,25000,45000,0.1,40500,25000,15500
O0216,2024-02-17,C064,Karan Kumar,Mumbai,P013,Office Chair,Furniture,2,2500,5500,0,11000,5000,6000
O0217,2024-02-17,C029,Vihaan Mukherjee,Ahmedabad,P007,Jeans,Fashion,2,600,1800,0,3600,1200,2400
O0218,2024-02-17,C051,Ayaan Sharma,Delhi,P013,Office Chair,Furniture,1,2500,5500,0,5500,2500,3000
O0219,2024-02-17,C119,Roshni Nair,Ahmedabad,P005,Monitor,Electronics,1,7000,14000,0.1,12600,7000,5600
O0220,2024-02-17,C119,Roshni Nair,Ahmedabad,P004,Smartwatch,Electronics,1,3000,6000,0,6000,3000,3000
O0221,2024-02-18,C025,Navya Mishra,Pune,P004,Smartwatch,Electronics,2,3000,6000,0.05,11400,6000,5400
O0222,2024-02-18,C100,Aarav Patel,Hyderabad,P003,Headphones,Electronics,1,1500,3500,0.05,3325,1500,1825
O0223,2024-02-18,C046,Isha Rao,Jaipur,P015,Rice 5kg,Grocery,3,200,350,0.1,945,600,345
O0224,2024-02-18,C046,Isha Rao,Jaipur,P013,Office Chair,Furniture,2,2500,5500,0.05,10450,5000,5450
O0225,2024-02-19,C016,Advik Pandey,Jaipur,P004,Smartwatch,Electronics,1,3000,6000,0,6000,3000,3000
O0226,2024-02-19,C065,Sai Mishra,Pune,P010,Saree,Fashion,2,900,2800,0,5600,1800,3800
O0227,2024-02-19,C063,Rohit Bhat,Lucknow,P003,Headphones,Electronics,2,1500,3500,0.05,6650,3000,3650
O0228,2024-02-19,C082,Khushi Singh,Kolkata,P014,Bed Frame,Furniture,1,6000,15000,0,15000,6000,9000
O0229,2024-02-19,C094,Krishna Deshmukh,Mumbai,P008,Sneakers,Fashion,1,1000,2800,0.05,2660,1000,1660
O0230,2024-02-20,C052,Advaith Mehta,Kolkata,P007,Jeans,Fashion,1,600,1800,0.1,1620,600,1020
O0231,2024-02-20,C078,Sanjay Saxena,Chennai,P003,Headphones,Electronics,1,1500,3500,0.15,2975,1500,1475
O0232,2024-02-20,C068,Pooja Joshi,Chennai,P015,Rice 5kg,Grocery,4,200,350,0.05,1330,800,530
O0233,2024-02-20,C042,Vikram Singh,Kolkata,P019,Fiction Novel,Books,1,120,300,0.05,285,120,165
O0234,2024-02-20,C088,Dhruv Joshi,Chennai,P003,Headphones,Electronics,1,1500,3500,0.1,3150,1500,1650
O0235,2024-02-21,C003,Gauri Bhat,Lucknow,P017,Coffee Beans,Grocery,2,300,550,0,1100,600,500
O0236,2024-02-21,C091,Lakshmi Sharma,Delhi,P020,Business Strategy,Books,4,350,800,0,3200,1400,1800
O0237,2024-02-21,C002,Advaith Singh,Kolkata,P002,Smartphone,Electronics,1,12000,22000,0,22000,12000,10000
O0238,2024-02-21,C054,Riya Deshmukh,Mumbai,P014,Bed Frame,Furniture,1,6000,15000,0,15000,6000,9000
O0239,2024-02-22,C085,Rajesh Mishra,Pune,P020,Business Strategy,Books,4,350,800,0.15,2720,1400,1320
O0240,2024-02-22,C027,Manish Yadav,Bangalore,P018,Python Book,Books,4,250,600,0,2400,1000,1400
O0241,2024-02-22,C003,Gauri Bhat,Lucknow,P009,Jacket,Fashion,2,1200,3500,0.05,6650,2400,4250
O0242,2024-02-22,C060,Diya Patel,Hyderabad,P018,Python Book,Books,3,250,600,0,1800,750,1050
O0243,2024-02-22,C109,Pranav Mukherjee,Ahmedabad,P014,Bed Frame,Furniture,1,6000,15000,0.1,13500,6000,7500
O0244,2024-02-23,C080,Shaurya Patel,Hyderabad,P006,T-Shirt,Fashion,1,200,600,0.05,570,200,370
O0245,2024-02-23,C116,Advik Pandey,Jaipur,P004,Smartwatch,Electronics,2,3000,6000,0.05,11400,6000,5400
O0246,2024-02-23,C100,Aarav Patel,Hyderabad,P001,Laptop,Electronics,1,25000,45000,0.1,40500,25000,15500
O0247,2024-02-23,C044,Krishna Kumar,Mumbai,P011,Sofa,Furniture,1,8000,18000,0,18000,8000,10000
O0248,2024-02-24,C009,Pranav Mukherjee,Ahmedabad,P005,Monitor,Electronics,1,7000,14000,0.05,13300,7000,6300
O0249,2024-02-24,C043,Vivaan Bhat,Lucknow,P005,Monitor,Electronics,1,7000,14000,0.1,12600,7000,5600
O0250,2024-02-24,C056,Suresh Pandey,Jaipur,P011,Sofa,Furniture,1,8000,18000,0.1,16200,8000,8200
O0251,2024-02-24,C014,Karan Deshmukh,Mumbai,P001,Laptop,Electronics,1,25000,45000,0.15,38250,25000,13250
O0252,2024-02-24,C022,Arjun Singh,Kolkata,P018,Python Book,Books,3,250,600,0.1,1620,750,870
O0253,2024-02-25,C086,Aditya Rao,Jaipur,P020,Business Strategy,Books,1,350,800,0.1,720,350,370
O0254,2024-02-25,C020,Rahul Patel,Hyderabad,P007,Jeans,Fashion,1,600,1800,0.05,1710,600,1110
O0255,2024-02-25,C018,Pooja Saxena,Chennai,P005,Monitor,Electronics,1,7000,14000,0.15,11900,7000,4900
O0256,2024-02-25,C009,Pranav Mukherjee,Ahmedabad,P001,Laptop,Electronics,1,25000,45000,0,45000,25000,20000
O0257,2024-02-26,C042,Vikram Singh,Kolkata,P011,Sofa,Furniture,1,8000,18000,0,18000,8000,10000
O0258,2024-02-26,C001,Ayaan Chopra,Delhi,P015,Rice 5kg,Grocery,2,200,350,0,700,400,300
O0259,2024-02-26,C031,Kabir Sharma,Delhi,P014,Bed Frame,Furniture,1,6000,15000,0,15000,6000,9000
O0260,2024-02-26,C008,Reyansh Joshi,Chennai,P004,Smartwatch,Electronics,2,3000,6000,0.05,11400,6000,5400
O0261,2024-02-26,C025,Navya Mishra,Pune,P007,Jeans,Fashion,1,600,1800,0,1800,600,1200
O0262,2024-02-27,C085,Rajesh Mishra,Pune,P005,Monitor,Electronics,1,7000,14000,0.05,13300,7000,6300
O0263,2024-02-27,C009,Pranav Mukherjee,Ahmedabad,P013,Office Chair,Furniture,2,2500,5500,0.15,9350,5000,4350
O0264,2024-02-27,C098,Neha Saxena,Chennai,P008,Sneakers,Fashion,2,1000,2800,0,5600,2000,3600
O0265,2024-02-27,C105,Deepika Mishra,Pune,P001,Laptop,Electronics,1,25000,45000,0,45000,25000,20000
O0266,2024-02-28,C094,Krishna Deshmukh,Mumbai,P003,Headphones,Electronics,2,1500,3500,0,7000,3000,4000
O0267,2024-02-28,C005,Deepika Mishra,Pune,P003,Headphones,Electronics,1,1500,3500,0.1,3150,1500,1650
O0268,2024-02-28,C048,Neha Joshi,Chennai,P013,Office Chair,Furniture,1,2500,5500,0.05,5225,2500,2725
O0269,2024-02-28,C024,Rithvik Kumar,Mumbai,P002,Smartphone,Electronics,1,12000,22000,0,22000,12000,10000
O0270,2024-02-28,C032,Khushi Mehta,Kolkata,P001,Laptop,Electronics,1,25000,45000,0.15,38250,25000,13250
O0271,2024-02-29,C087,Ishaan Yadav,Bangalore,P014,Bed Frame,Furniture,1,6000,15000,0,15000,6000,9000
O0272,2024-02-29,C120,Rahul Patel,Hyderabad,P013,Office Chair,Furniture,2,2500,5500,0,11000,5000,6000
O0273,2024-02-29,C010,Diya Verma,Hyderabad,P011,Sofa,Furniture,1,8000,18000,0,18000,8000,10000
O0274,2024-02-29,C105,Deepika Mishra,Pune,P005,Monitor,Electronics,1,7000,14000,0.15,11900,7000,4900
O0275,2024-03-01,C002,Advaith Singh,Kolkata,P017,Coffee Beans,Grocery,3,300,550,0.1,1485,900,585
O0276,2024-03-01,C081,Kabir Chopra,Delhi,P016,Cooking Oil,Grocery,2,150,250,0.15,425,300,125
O0277,2024-03-01,C067,Ananya Yadav,Bangalore,P019,Fiction Novel,Books,4,120,300,0.05,1140,480,660
O0278,2024-03-01,C075,Navya Reddy,Pune,P003,Headphones,Electronics,1,1500,3500,0.15,2975,1500,1475
O0279,2024-03-01,C106,Suresh Rao,Jaipur,P008,Sneakers,Fashion,1,1000,2800,0.05,2660,1000,1660
O0280,2024-03-02,C008,Reyansh Joshi,Chennai,P005,Monitor,Electronics,1,7000,14000,0.1,12600,7000,5600
O0281,2024-03-02,C110,Diya Verma,Hyderabad,P005,Monitor,Electronics,1,7000,14000,0,14000,7000,7000
O0282,2024-03-02,C025,Navya Mishra,Pune,P011,Sofa,Furniture,1,8000,18000,0,18000,8000,10000
O0283,2024-03-02,C004,Riya Kumar,Mumbai,P001,Laptop,Electronics,1,25000,45000,0.1,40500,25000,15500
O0284,2024-03-02,C030,Shaurya Verma,Hyderabad,P011,Sofa,Furniture,1,8000,18000,0.1,16200,8000,8200
O0285,2024-03-03,C116,Advik Pandey,Jaipur,P011,Sofa,Furniture,1,8000,18000,0.15,15300,8000,7300
O0286,2024-03-03,C109,Pranav Mukherjee,Ahmedabad,P006,T-Shirt,Fashion,4,200,600,0.15,2040,800,1240
O0287,2024-03-03,C046,Isha Rao,Jaipur,P011,Sofa,Furniture,1,8000,18000,0,18000,8000,10000
O0288,2024-03-03,C077,Manish Iyer,Bangalore,P004,Smartwatch,Electronics,2,3000,6000,0.1,10800,6000,4800
O0289,2024-03-03,C097,Saanvi Iyer,Bangalore,P002,Smartphone,Electronics,1,12000,22000,0.15,18700,12000,6700
O0290,2024-03-04,C052,Advaith Mehta,Kolkata,P013,Office Chair,Furniture,2,2500,5500,0,11000,5000,6000
O0291,2024-03-04,C107,Deepak Yadav,Bangalore,P009,Jacket,Fashion,1,1200,3500,0,3500,1200,2300
O0292,2024-03-04,C064,Karan Kumar,Mumbai,P012,Dining Table,Furniture,1,5000,12000,0.05,11400,5000,6400
O0293,2024-03-04,C032,Khushi Mehta,Kolkata,P010,Saree,Fashion,1,900,2800,0.1,2520,900,1620
O0294,2024-03-04,C013,Rohit Gupta,Lucknow,P013,Office Chair,Furniture,2,2500,5500,0,11000,5000,6000
O0295,2024-03-05,C083,Anushka Bhat,Lucknow,P004,Smartwatch,Electronics,2,3000,6000,0.15,10200,6000,4200
O0296,2024-03-05,C015,Sai Reddy,Pune,P003,Headphones,Electronics,1,1500,3500,0.05,3325,1500,1825
O0297,2024-03-05,C024,Rithvik Kumar,Mumbai,P012,Dining Table,Furniture,1,5000,12000,0,12000,5000,7000
O0298,2024-03-05,C078,Sanjay Saxena,Chennai,P005,Monitor,Electronics,1,7000,14000,0.1,12600,7000,5600
O0299,2024-03-05,C030,Shaurya Verma,Hyderabad,P014,Bed Frame,Furniture,1,6000,15000,0.05,14250,6000,8250
O0300,2024-03-06,C102,Advaith Singh,Kolkata,P014,Bed Frame,Furniture,1,6000,15000,0,15000,6000,9000
O0301,2024-03-06,C031,Kabir Sharma,Delhi,P001,Laptop,Electronics,1,25000,45000,0.15,38250,25000,13250
O0302,2024-03-06,C055,Deepika Reddy,Pune,P010,Saree,Fashion,1,900,2800,0,2800,900,1900
O0303,2024-03-06,C016,Advik Pandey,Jaipur,P003,Headphones,Electronics,1,1500,3500,0.05,3325,1500,1825
O0304,2024-03-06,C046,Isha Rao,Jaipur,P007,Jeans,Fashion,1,600,1800,0.15,1530,600,930
O0305,2024-03-07,C118,Pooja Saxena,Chennai,P010,Saree,Fashion,1,900,2800,0,2800,900,1900
O0306,2024-03-07,C071,Sunil Sharma,Delhi,P012,Dining Table,Furniture,1,5000,12000,0.15,10200,5000,5200
O0307,2024-03-07,C021,Sunil Chopra,Delhi,P002,Smartphone,Electronics,1,12000,22000,0,22000,12000,10000
O0308,2024-03-07,C082,Khushi Singh,Kolkata,P002,Smartphone,Electronics,1,12000,22000,0.05,20900,12000,8900
O0309,2024-03-07,C034,Swati Deshmukh,Mumbai,P013,Office Chair,Furniture,2,2500,5500,0.05,10450,5000,5450
O0310,2024-03-08,C011,Priya Sharma,Delhi,P010,Saree,Fashion,2,900,2800,0.1,5040,1800,3240
O0311,2024-03-08,C024,Rithvik Kumar,Mumbai,P007,Jeans,Fashion,2,600,1800,0,3600,1200,2400
O0312,2024-03-08,C090,Tanvi Verma,Hyderabad,P009,Jacket,Fashion,2,1200,3500,0.05,6650,2400,4250
O0313,2024-03-08,C024,Rithvik Kumar,Mumbai,P005,Monitor,Electronics,1,7000,14000,0,14000,7000,7000
O0314,2024-03-08,C023,Atharv Bhat,Lucknow,P003,Headphones,Electronics,1,1500,3500,0.1,3150,1500,1650
O0315,2024-03-09,C101,Ayaan Chopra,Delhi,P010,Saree,Fashion,2,900,2800,0.05,5320,1800,3520
O0316,2024-03-09,C079,Vihaan Nair,Ahmedabad,P004,Smartwatch,Electronics,2,3000,6000,0.1,10800,6000,4800
O0317,2024-03-09,C015,Sai Reddy,Pune,P001,Laptop,Electronics,1,25000,45000,0,45000,25000,20000
O0318,2024-03-09,C106,Suresh Rao,Jaipur,P003,Headphones,Electronics,2,1500,3500,0.1,6300,3000,3300
O0319,2024-03-09,C013,Rohit Gupta,Lucknow,P013,Office Chair,Furniture,2,2500,5500,0.1,9900,5000,4900
O0320,2024-03-10,C014,Karan Deshmukh,Mumbai,P001,Laptop,Electronics,1,25000,45000,0.1,40500,25000,15500
O0321,2024-03-10,C118,Pooja Saxena,Chennai,P004,Smartwatch,Electronics,1,3000,6000,0.1,5400,3000,2400
O0322,2024-03-10,C086,Aditya Rao,Jaipur,P001,Laptop,Electronics,1,25000,45000,0.15,38250,25000,13250
O0323,2024-03-10,C016,Advik Pandey,Jaipur,P013,Office Chair,Furniture,2,2500,5500,0.15,9350,5000,4350
O0324,2024-03-10,C020,Rahul Patel,Hyderabad,P019,Fiction Novel,Books,1,120,300,0.05,285,120,165
O0325,2024-03-11,C040,Tanvi Patel,Hyderabad,P011,Sofa,Furniture,1,8000,18000,0.05,17100,8000,9100
O0326,2024-03-11,C007,Deepak Yadav,Bangalore,P004,Smartwatch,Electronics,2,3000,6000,0,12000,6000,6000
O0327,2024-03-11,C073,Atharv Gupta,Lucknow,P014,Bed Frame,Furniture,1,6000,15000,0.1,13500,6000,7500
O0328,2024-03-11,C027,Manish Yadav,Bangalore,P005,Monitor,Electronics,1,7000,14000,0,14000,7000,7000
O0329,2024-03-11,C082,Khushi Singh,Kolkata,P002,Smartphone,Electronics,1,12000,22000,0.15,18700,12000,6700
O0330,2024-03-12,C110,Diya Verma,Hyderabad,P012,Dining Table,Furniture,1,5000,12000,0,12000,5000,7000
O0331,2024-03-12,C014,Karan Deshmukh,Mumbai,P005,Monitor,Electronics,1,7000,14000,0,14000,7000,7000
O0332,2024-03-12,C104,Riya Kumar,Mumbai,P011,Sofa,Furniture,1,8000,18000,0,18000,8000,10000
O0333,2024-03-12,C007,Deepak Yadav,Bangalore,P014,Bed Frame,Furniture,1,6000,15000,0.05,14250,6000,8250
O0334,2024-03-12,C095,Aaryan Reddy,Pune,P003,Headphones,Electronics,1,1500,3500,0,3500,1500,2000
O0335,2024-03-13,C017,Ananya Iyer,Bangalore,P014,Bed Frame,Furniture,1,6000,15000,0.1,13500,6000,7500
O0336,2024-03-13,C052,Advaith Mehta,Kolkata,P001,Laptop,Electronics,1,25000,45000,0.15,38250,25000,13250
O0337,2024-03-13,C099,Amit Nair,Ahmedabad,P004,Smartwatch,Electronics,2,3000,6000,0.15,10200,6000,4200
O0338,2024-03-13,C100,Aarav Patel,Hyderabad,P005,Monitor,Electronics,1,7000,14000,0,14000,7000,7000
O0339,2024-03-13,C002,Advaith Singh,Kolkata,P003,Headphones,Electronics,2,1500,3500,0.15,5950,3000,2950
O0340,2024-03-14,C020,Rahul Patel,Hyderabad,P015,Rice 5kg,Grocery,1,200,350,0.05,333,200,133
O0341,2024-03-14,C011,Priya Sharma,Delhi,P002,Smartphone,Electronics,1,12000,22000,0.15,18700,12000,6700
O0342,2024-03-14,C068,Pooja Joshi,Chennai,P003,Headphones,Electronics,2,1500,3500,0.05,6650,3000,3650
O0343,2024-03-14,C066,Advik Rao,Jaipur,P013,Office Chair,Furniture,1,2500,5500,0.05,5225,2500,2725
O0344,2024-03-14,C064,Karan Kumar,Mumbai,P018,Python Book,Books,2,250,600,0.15,1020,500,520
O0345,2024-03-15,C083,Anushka Bhat,Lucknow,P004,Smartwatch,Electronics,2,3000,6000,0,12000,6000,6000
O0346,2024-03-15,C021,Sunil Chopra,Delhi,P001,Laptop,Electronics,1,25000,45000,0,45000,25000,20000
O0347,2024-03-15,C108,Reyansh Joshi,Chennai,P007,Jeans,Fashion,1,600,1800,0,1800,600,1200
O0348,2024-03-15,C120,Rahul Patel,Hyderabad,P002,Smartphone,Electronics,1,12000,22000,0.1,19800,12000,7800
O0349,2024-03-15,C083,Anushka Bhat,Lucknow,P010,Saree,Fashion,2,900,2800,0.05,5320,1800,3520
O0350,2024-03-16,C092,Vikram Mehta,Kolkata,P014,Bed Frame,Furniture,1,6000,15000,0.05,14250,6000,8250
O0351,2024-03-16,C094,Krishna Deshmukh,Mumbai,P006,T-Shirt,Fashion,1,200,600,0,600,200,400
O0352,2024-03-16,C099,Amit Nair,Ahmedabad,P002,Smartphone,Electronics,1,12000,22000,0,22000,12000,10000
O0353,2024-03-16,C087,Ishaan Yadav,Bangalore,P006,T-Shirt,Fashion,1,200,600,0.15,510,200,310
O0354,2024-03-17,C058,Reyansh Saxena,Chennai,P019,Fiction Novel,Books,1,120,300,0,300,120,180
O0355,2024-03-17,C021,Sunil Chopra,Delhi,P017,Coffee Beans,Grocery,3,300,550,0.15,1403,900,503
O0356,2024-03-17,C006,Suresh Rao,Jaipur,P011,Sofa,Furniture,1,8000,18000,0.15,15300,8000,7300
O0357,2024-03-17,C116,Advik Pandey,Jaipur,P003,Headphones,Electronics,1,1500,3500,0,3500,1500,2000
O0358,2024-03-17,C022,Arjun Singh,Kolkata,P009,Jacket,Fashion,1,1200,3500,0.15,2975,1200,1775
O0359,2024-03-18,C103,Gauri Bhat,Lucknow,P011,Sofa,Furniture,1,8000,18000,0,18000,8000,10000
O0360,2024-03-18,C069,Roshni Mukherjee,Ahmedabad,P019,Fiction Novel,Books,1,120,300,0.15,255,120,135
O0361,2024-03-18,C021,Sunil Chopra,Delhi,P013,Office Chair,Furniture,1,2500,5500,0,5500,2500,3000
O0362,2024-03-18,C016,Advik Pandey,Jaipur,P008,Sneakers,Fashion,2,1000,2800,0,5600,2000,3600
O0363,2024-03-18,C011,Priya Sharma,Delhi,P006,T-Shirt,Fashion,3,200,600,0,1800,600,1200
O0364,2024-03-19,C107,Deepak Yadav,Bangalore,P002,Smartphone,Electronics,1,12000,22000,0.1,19800,12000,7800
O0365,2024-03-19,C046,Isha Rao,Jaipur,P005,Monitor,Electronics,1,7000,14000,0.05,13300,7000,6300
O0366,2024-03-19,C023,Atharv Bhat,Lucknow,P011,Sofa,Furniture,1,8000,18000,0.1,16200,8000,8200
O0367,2024-03-19,C028,Sanjay Joshi,Chennai,P009,Jacket,Fashion,1,1200,3500,0.05,3325,1200,2125
O0368,2024-03-19,C092,Vikram Mehta,Kolkata,P012,Dining Table,Furniture,1,5000,12000,0.15,10200,5000,5200
O0369,2024-03-20,C014,Karan Deshmukh,Mumbai,P013,Office Chair,Furniture,2,2500,5500,0.1,9900,5000,4900
O0370,2024-03-20,C065,Sai Mishra,Pune,P001,Laptop,Electronics,1,25000,45000,0,45000,25000,20000
O0371,2024-03-20,C030,Shaurya Verma,Hyderabad,P012,Dining Table,Furniture,1,5000,12000,0.05,11400,5000,6400
O0372,2024-03-20,C013,Rohit Gupta,Lucknow,P002,Smartphone,Electronics,1,12000,22000,0.1,19800,12000,7800
O0373,2024-03-20,C002,Advaith Singh,Kolkata,P001,Laptop,Electronics,1,25000,45000,0.1,40500,25000,15500
O0374,2024-03-21,C054,Riya Deshmukh,Mumbai,P018,Python Book,Books,2,250,600,0.15,1020,500,520
O0375,2024-03-21,C059,Pranav Nair,Ahmedabad,P005,Monitor,Electronics,1,7000,14000,0,14000,7000,7000
O0376,2024-03-21,C022,Arjun Singh,Kolkata,P007,Jeans,Fashion,2,600,1800,0.1,3240,1200,2040
O0377,2024-03-21,C114,Karan Deshmukh,Mumbai,P012,Dining Table,Furniture,1,5000,12000,0.1,10800,5000,5800
O0378,2024-03-21,C047,Saanvi Yadav,Bangalore,P007,Jeans,Fashion,1,600,1800,0,1800,600,1200
O0379,2024-03-22,C023,Atharv Bhat,Lucknow,P015,Rice 5kg,Grocery,2,200,350,0,700,400,300
O0380,2024-03-22,C082,Khushi Singh,Kolkata,P020,Business Strategy,Books,4,350,800,0.15,2720,1400,1320
O0381,2024-03-22,C110,Diya Verma,Hyderabad,P006,T-Shirt,Fashion,3,200,600,0.05,1710,600,1110
O0382,2024-03-22,C105,Deepika Mishra,Pune,P016,Cooking Oil,Grocery,2,150,250,0,500,300,200
O0383,2024-03-22,C114,Karan Deshmukh,Mumbai,P020,Business Strategy,Books,1,350,800,0,800,350,450
O0384,2024-03-23,C116,Advik Pandey,Jaipur,P009,Jacket,Fashion,1,1200,3500,0.1,3150,1200,1950
O0385,2024-03-23,C028,Sanjay Joshi,Chennai,P017,Coffee Beans,Grocery,2,300,550,0.05,1045,600,445
O0386,2024-03-23,C016,Advik Pandey,Jaipur,P009,Jacket,Fashion,1,1200,3500,0,3500,1200,2300
O0387,2024-03-23,C091,Lakshmi Sharma,Delhi,P012,Dining Table,Furniture,1,5000,12000,0.15,10200,5000,5200
O0388,2024-03-23,C099,Amit Nair,Ahmedabad,P014,Bed Frame,Furniture,1,6000,15000,0,15000,6000,9000
O0389,2024-03-24,C014,Karan Deshmukh,Mumbai,P012,Dining Table,Furniture,1,5000,12000,0.05,11400,5000,6400
O0390,2024-03-24,C061,Priya Chopra,Delhi,P014,Bed Frame,Furniture,1,6000,15000,0,15000,6000,9000
O0391,2024-03-24,C080,Shaurya Patel,Hyderabad,P001,Laptop,Electronics,1,25000,45000,0.1,40500,25000,15500
O0392,2024-03-24,C108,Reyansh Joshi,Chennai,P005,Monitor,Electronics,1,7000,14000,0.05,13300,7000,6300
O0393,2024-03-24,C030,Shaurya Verma,Hyderabad,P002,Smartphone,Electronics,1,12000,22000,0.05,20900,12000,8900
O0394,2024-03-25,C072,Arjun Mehta,Kolkata,P001,Laptop,Electronics,1,25000,45000,0,45000,25000,20000
O0395,2024-03-25,C089,Kavya Mukherjee,Ahmedabad,P001,Laptop,Electronics,1,25000,45000,0,45000,25000,20000
O0396,2024-03-25,C066,Advik Rao,Jaipur,P014,Bed Frame,Furniture,1,6000,15000,0.1,13500,6000,7500
O0397,2024-03-25,C001,Ayaan Chopra,Delhi,P012,Dining Table,Furniture,1,5000,12000,0.05,11400,5000,6400
O0398,2024-03-25,C115,Sai Reddy,Pune,P011,Sofa,Furniture,1,8000,18000,0.1,16200,8000,8200
O0399,2024-03-26,C047,Saanvi Yadav,Bangalore,P018,Python Book,Books,1,250,600,0,600,250,350
O0400,2024-03-26,C095,Aaryan Reddy,Pune,P013,Office Chair,Furniture,2,2500,5500,0,11000,5000,6000
O0401,2024-03-26,C019,Roshni Nair,Ahmedabad,P005,Monitor,Electronics,1,7000,14000,0,14000,7000,7000
O0402,2024-03-26,C028,Sanjay Joshi,Chennai,P012,Dining Table,Furniture,1,5000,12000,0,12000,5000,7000
O0403,2024-03-26,C032,Khushi Mehta,Kolkata,P008,Sneakers,Fashion,1,1000,2800,0,2800,1000,1800
O0404,2024-03-27,C023,Atharv Bhat,Lucknow,P008,Sneakers,Fashion,2,1000,2800,0.15,4760,2000,2760
O0405,2024-03-27,C048,Neha Joshi,Chennai,P003,Headphones,Electronics,2,1500,3500,0,7000,3000,4000
O0406,2024-03-27,C020,Rahul Patel,Hyderabad,P010,Saree,Fashion,2,900,2800,0.05,5320,1800,3520
O0407,2024-03-27,C014,Karan Deshmukh,Mumbai,P001,Laptop,Electronics,1,25000,45000,0,45000,25000,20000
O0408,2024-03-27,C011,Priya Sharma,Delhi,P016,Cooking Oil,Grocery,2,150,250,0,500,300,200
O0409,2024-03-28,C060,Diya Patel,Hyderabad,P012,Dining Table,Furniture,1,5000,12000,0,12000,5000,7000
O0410,2024-03-28,C119,Roshni Nair,Ahmedabad,P006,T-Shirt,Fashion,3,200,600,0.1,1620,600,1020
O0411,2024-03-28,C029,Vihaan Mukherjee,Ahmedabad,P013,Office Chair,Furniture,1,2500,5500,0,5500,2500,3000
O0412,2024-03-28,C050,Aarav Verma,Hyderabad,P010,Saree,Fashion,1,900,2800,0,2800,900,1900
O0413,2024-03-28,C006,Suresh Rao,Jaipur,P004,Smartwatch,Electronics,1,3000,6000,0,6000,3000,3000
O0414,2024-03-29,C088,Dhruv Joshi,Chennai,P005,Monitor,Electronics,1,7000,14000,0.05,13300,7000,6300
O0415,2024-03-29,C018,Pooja Saxena,Chennai,P020,Business Strategy,Books,2,350,800,0.1,1440,700,740
O0416,2024-03-29,C045,Aaryan Mishra,Pune,P014,Bed Frame,Furniture,1,6000,15000,0,15000,6000,9000
O0417,2024-03-29,C014,Karan Deshmukh,Mumbai,P020,Business Strategy,Books,1,350,800,0,800,350,450
O0418,2024-03-29,C076,Meera Pandey,Jaipur,P007,Jeans,Fashion,1,600,1800,0.1,1620,600,1020
O0419,2024-03-30,C011,Priya Sharma,Delhi,P013,Office Chair,Furniture,1,2500,5500,0,5500,2500,3000
O0420,2024-03-30,C082,Khushi Singh,Kolkata,P016,Cooking Oil,Grocery,4,150,250,0.05,950,600,350
O0421,2024-03-30,C010,Diya Verma,Hyderabad,P009,Jacket,Fashion,1,1200,3500,0.15,2975,1200,1775
O0422,2024-03-30,C049,Amit Mukherjee,Ahmedabad,P013,Office Chair,Furniture,2,2500,5500,0.05,10450,5000,5450
O0423,2024-03-30,C031,Kabir Sharma,Delhi,P018,Python Book,Books,2,250,600,0.15,1020,500,520
O0424,2024-03-31,C118,Pooja Saxena,Chennai,P006,T-Shirt,Fashion,1,200,600,0,600,200,400
O0425,2024-03-31,C005,Deepika Mishra,Pune,P003,Headphones,Electronics,2,1500,3500,0.1,6300,3000,3300
O0426,2024-03-31,C041,Lakshmi Chopra,Delhi,P009,Jacket,Fashion,2,1200,3500,0.15,5950,2400,3550
O0427,2024-03-31,C050,Aarav Verma,Hyderabad,P012,Dining Table,Furniture,1,5000,12000,0.15,10200,5000,5200
O0428,2024-04-01,C011,Priya Sharma,Delhi,P015,Rice 5kg,Grocery,2,200,350,0.15,595,400,195
O0429,2024-04-01,C058,Reyansh Saxena,Chennai,P004,Smartwatch,Electronics,1,3000,6000,0.05,5700,3000,2700
O0430,2024-04-01,C004,Riya Kumar,Mumbai,P008,Sneakers,Fashion,1,1000,2800,0.1,2520,1000,1520
O0431,2024-04-01,C016,Advik Pandey,Jaipur,P014,Bed Frame,Furniture,1,6000,15000,0,15000,6000,9000
O0432,2024-04-01,C020,Rahul Patel,Hyderabad,P002,Smartphone,Electronics,1,12000,22000,0,22000,12000,10000
O0433,2024-04-02,C078,Sanjay Saxena,Chennai,P016,Cooking Oil,Grocery,1,150,250,0,250,150,100
O0434,2024-04-02,C049,Amit Mukherjee,Ahmedabad,P004,Smartwatch,Electronics,1,3000,6000,0.05,5700,3000,2700
O0435,2024-04-02,C091,Lakshmi Sharma,Delhi,P006,T-Shirt,Fashion,1,200,600,0.15,510,200,310
O0436,2024-04-02,C003,Gauri Bhat,Lucknow,P018,Python Book,Books,1,250,600,0.1,540,250,290
O0437,2024-04-02,C088,Dhruv Joshi,Chennai,P004,Smartwatch,Electronics,2,3000,6000,0,12000,6000,6000
O0438,2024-04-03,C085,Rajesh Mishra,Pune,P014,Bed Frame,Furniture,1,6000,15000,0.15,12750,6000,6750
O0439,2024-04-03,C043,Vivaan Bhat,Lucknow,P004,Smartwatch,Electronics,1,3000,6000,0,6000,3000,3000
O0440,2024-04-03,C009,Pranav Mukherjee,Ahmedabad,P014,Bed Frame,Furniture,1,6000,15000,0.1,13500,6000,7500
O0441,2024-04-03,C016,Advik Pandey,Jaipur,P017,Coffee Beans,Grocery,1,300,550,0,550,300,250
O0442,2024-04-03,C026,Meera Rao,Jaipur,P012,Dining Table,Furniture,1,5000,12000,0,12000,5000,7000
O0443,2024-04-04,C050,Aarav Verma,Hyderabad,P006,T-Shirt,Fashion,4,200,600,0.05,2280,800,1480
O0444,2024-04-04,C057,Deepak Iyer,Bangalore,P002,Smartphone,Electronics,1,12000,22000,0.05,20900,12000,8900
O0445,2024-04-04,C117,Ananya Iyer,Bangalore,P002,Smartphone,Electronics,1,12000,22000,0.05,20900,12000,8900
O0446,2024-04-04,C089,Kavya Mukherjee,Ahmedabad,P007,Jeans,Fashion,1,600,1800,0.15,1530,600,930
O0447,2024-04-04,C002,Advaith Singh,Kolkata,P013,Office Chair,Furniture,1,2500,5500,0.1,4950,2500,2450
O0448,2024-04-05,C012,Sneha Mehta,Kolkata,P005,Monitor,Electronics,1,7000,14000,0.1,12600,7000,5600
O0449,2024-04-05,C055,Deepika Reddy,Pune,P014,Bed Frame,Furniture,1,6000,15000,0,15000,6000,9000
O0450,2024-04-05,C013,Rohit Gupta,Lucknow,P013,Office Chair,Furniture,1,2500,5500,0.15,4675,2500,2175
O0451,2024-04-05,C026,Meera Rao,Jaipur,P010,Saree,Fashion,2,900,2800,0,5600,1800,3800
O0452,2024-04-05,C103,Gauri Bhat,Lucknow,P005,Monitor,Electronics,1,7000,14000,0.1,12600,7000,5600
O0453,2024-04-06,C107,Deepak Yadav,Bangalore,P004,Smartwatch,Electronics,1,3000,6000,0.1,5400,3000,2400
O0454,2024-04-06,C115,Sai Reddy,Pune,P002,Smartphone,Electronics,1,12000,22000,0,22000,12000,10000
O0455,2024-04-06,C114,Karan Deshmukh,Mumbai,P002,Smartphone,Electronics,1,12000,22000,0,22000,12000,10000
O0456,2024-04-06,C067,Ananya Yadav,Bangalore,P009,Jacket,Fashion,2,1200,3500,0.1,6300,2400,3900
O0457,2024-04-06,C042,Vikram Singh,Kolkata,P017,Coffee Beans,Grocery,2,300,550,0.05,1045,600,445
O0458,2024-04-07,C031,Kabir Sharma,Delhi,P001,Laptop,Electronics,1,25000,45000,0.15,38250,25000,13250
O0459,2024-04-07,C110,Diya Verma,Hyderabad,P012,Dining Table,Furniture,1,5000,12000,0.1,10800,5000,5800
O0460,2024-04-07,C116,Advik Pandey,Jaipur,P013,Office Chair,Furniture,2,2500,5500,0.15,9350,5000,4350
O0461,2024-04-07,C024,Rithvik Kumar,Mumbai,P018,Python Book,Books,2,250,600,0,1200,500,700
O0462,2024-04-07,C056,Suresh Pandey,Jaipur,P018,Python Book,Books,4,250,600,0.05,2280,1000,1280
O0463,2024-04-08,C020,Rahul Patel,Hyderabad,P006,T-Shirt,Fashion,4,200,600,0.1,2160,800,1360
O0464,2024-04-08,C005,Deepika Mishra,Pune,P001,Laptop,Electronics,1,25000,45000,0.05,42750,25000,17750
O0465,2024-04-08,C098,Neha Saxena,Chennai,P005,Monitor,Electronics,1,7000,14000,0.1,12600,7000,5600
O0466,2024-04-08,C013,Rohit Gupta,Lucknow,P013,Office Chair,Furniture,2,2500,5500,0,11000,5000,6000
O0467,2024-04-08,C067,Ananya Yadav,Bangalore,P002,Smartphone,Electronics,1,12000,22000,0,22000,12000,10000
O0468,2024-04-09,C014,Karan Deshmukh,Mumbai,P009,Jacket,Fashion,1,1200,3500,0,3500,1200,2300
O0469,2024-04-09,C067,Ananya Yadav,Bangalore,P003,Headphones,Electronics,1,1500,3500,0.15,2975,1500,1475
O0470,2024-04-09,C038,Dhruv Saxena,Chennai,P014,Bed Frame,Furniture,1,6000,15000,0.05,14250,6000,8250
O0471,2024-04-09,C024,Rithvik Kumar,Mumbai,P013,Office Chair,Furniture,1,2500,5500,0.15,4675,2500,2175
O0472,2024-04-09,C117,Ananya Iyer,Bangalore,P020,Business Strategy,Books,3,350,800,0,2400,1050,1350
O0473,2024-04-10,C111,Priya Sharma,Delhi,P006,T-Shirt,Fashion,3,200,600,0.05,1710,600,1110
O0474,2024-04-10,C018,Pooja Saxena,Chennai,P011,Sofa,Furniture,1,8000,18000,0.05,17100,8000,9100
O0475,2024-04-10,C022,Arjun Singh,Kolkata,P001,Laptop,Electronics,1,25000,45000,0.05,42750,25000,17750
O0476,2024-04-10,C070,Rahul Verma,Hyderabad,P009,Jacket,Fashion,1,1200,3500,0.05,3325,1200,2125
O0477,2024-04-10,C008,Reyansh Joshi,Chennai,P019,Fiction Novel,Books,1,120,300,0.1,270,120,150
O0478,2024-04-11,C050,Aarav Verma,Hyderabad,P009,Jacket,Fashion,1,1200,3500,0,3500,1200,2300
O0479,2024-04-11,C039,Kavya Nair,Ahmedabad,P013,Office Chair,Furniture,2,2500,5500,0,11000,5000,6000
O0480,2024-04-11,C035,Rajesh Reddy,Pune,P014,Bed Frame,Furniture,1,6000,15000,0.15,12750,6000,6750
O0481,2024-04-11,C023,Atharv Bhat,Lucknow,P012,Dining Table,Furniture,1,5000,12000,0.1,10800,5000,5800
O0482,2024-04-11,C014,Karan Deshmukh,Mumbai,P004,Smartwatch,Electronics,1,3000,6000,0.05,5700,3000,2700
O0483,2024-04-12,C014,Karan Deshmukh,Mumbai,P005,Monitor,Electronics,1,7000,14000,0,14000,7000,7000
O0484,2024-04-12,C063,Rohit Bhat,Lucknow,P014,Bed Frame,Furniture,1,6000,15000,0.05,14250,6000,8250
O0485,2024-04-12,C120,Rahul Patel,Hyderabad,P005,Monitor,Electronics,1,7000,14000,0.15,11900,7000,4900
O0486,2024-04-12,C112,Sneha Mehta,Kolkata,P002,Smartphone,Electronics,1,12000,22000,0.15,18700,12000,6700
O0487,2024-04-12,C060,Diya Patel,Hyderabad,P010,Saree,Fashion,1,900,2800,0.15,2380,900,1480
O0488,2024-04-13,C106,Suresh Rao,Jaipur,P011,Sofa,Furniture,1,8000,18000,0,18000,8000,10000
O0489,2024-04-13,C016,Advik Pandey,Jaipur,P002,Smartphone,Electronics,1,12000,22000,0,22000,12000,10000
O0490,2024-04-13,C035,Rajesh Reddy,Pune,P006,T-Shirt,Fashion,2,200,600,0,1200,400,800
O0491,2024-04-13,C032,Khushi Mehta,Kolkata,P019,Fiction Novel,Books,4,120,300,0,1200,480,720
O0492,2024-04-13,C102,Advaith Singh,Kolkata,P003,Headphones,Electronics,2,1500,3500,0.1,6300,3000,3300
O0493,2024-04-14,C046,Isha Rao,Jaipur,P016,Cooking Oil,Grocery,3,150,250,0.05,713,450,263
O0494,2024-04-14,C006,Suresh Rao,Jaipur,P006,T-Shirt,Fashion,2,200,600,0.15,1020,400,620
O0495,2024-04-14,C057,Deepak Iyer,Bangalore,P013,Office Chair,Furniture,1,2500,5500,0,5500,2500,3000
O0496,2024-04-14,C051,Ayaan Sharma,Delhi,P001,Laptop,Electronics,1,25000,45000,0,45000,25000,20000
O0497,2024-04-14,C046,Isha Rao,Jaipur,P003,Headphones,Electronics,2,1500,3500,0.1,6300,3000,3300
O0498,2024-04-15,C038,Dhruv Saxena,Chennai,P011,Sofa,Furniture,1,8000,18000,0.05,17100,8000,9100
O0499,2024-04-15,C017,Ananya Iyer,Bangalore,P012,Dining Table,Furniture,1,5000,12000,0,12000,5000,7000
O0500,2024-04-15,C007,Deepak Yadav,Bangalore,P008,Sneakers,Fashion,1,1000,2800,0,2800,1000,1800
O0501,2024-04-15,C082,Khushi Singh,Kolkata,P013,Office Chair,Furniture,1,2500,5500,0,5500,2500,3000
O0502,2024-04-16,C056,Suresh Pandey,Jaipur,P002,Smartphone,Electronics,1,12000,22000,0,22000,12000,10000
O0503,2024-04-16,C015,Sai Reddy,Pune,P014,Bed Frame,Furniture,1,6000,15000,0.1,13500,6000,7500
O0504,2024-04-16,C018,Pooja Saxena,Chennai,P005,Monitor,Electronics,1,7000,14000,0,14000,7000,7000
O0505,2024-04-16,C009,Pranav Mukherjee,Ahmedabad,P012,Dining Table,Furniture,1,5000,12000,0.05,11400,5000,6400
O0506,2024-04-16,C002,Advaith Singh,Kolkata,P005,Monitor,Electronics,1,7000,14000,0.1,12600,7000,5600
O0507,2024-04-17,C073,Atharv Gupta,Lucknow,P010,Saree,Fashion,1,900,2800,0.05,2660,900,1760
O0508,2024-04-17,C018,Pooja Saxena,Chennai,P011,Sofa,Furniture,1,8000,18000,0.1,16200,8000,8200
O0509,2024-04-17,C015,Sai Reddy,Pune,P013,Office Chair,Furniture,2,2500,5500,0.1,9900,5000,4900
O0510,2024-04-17,C104,Riya Kumar,Mumbai,P013,Office Chair,Furniture,2,2500,5500,0.05,10450,5000,5450
O0511,2024-04-17,C120,Rahul Patel,Hyderabad,P005,Monitor,Electronics,1,7000,14000,0.1,12600,7000,5600
O0512,2024-04-18,C078,Sanjay Saxena,Chennai,P013,Office Chair,Furniture,1,2500,5500,0.05,5225,2500,2725
O0513,2024-04-18,C078,Sanjay Saxena,Chennai,P002,Smartphone,Electronics,1,12000,22000,0.05,20900,12000,8900
O0514,2024-04-18,C024,Rithvik Kumar,Mumbai,P005,Monitor,Electronics,1,7000,14000,0.05,13300,7000,6300
O0515,2024-04-18,C011,Priya Sharma,Delhi,P008,Sneakers,Fashion,1,1000,2800,0.1,2520,1000,1520
O0516,2024-04-18,C095,Aaryan Reddy,Pune,P017,Coffee Beans,Grocery,1,300,550,0,550,300,250
O0517,2024-04-19,C083,Anushka Bhat,Lucknow,P003,Headphones,Electronics,2,1500,3500,0.15,5950,3000,2950
O0518,2024-04-19,C024,Rithvik Kumar,Mumbai,P014,Bed Frame,Furniture,1,6000,15000,0,15000,6000,9000
O0519,2024-04-19,C043,Vivaan Bhat,Lucknow,P013,Office Chair,Furniture,2,2500,5500,0.15,9350,5000,4350
O0520,2024-04-19,C036,Aditya Pandey,Jaipur,P002,Smartphone,Electronics,1,12000,22000,0.05,20900,12000,8900
O0521,2024-04-19,C033,Anushka Gupta,Lucknow,P002,Smartphone,Electronics,1,12000,22000,0,22000,12000,10000
O0522,2024-04-20,C078,Sanjay Saxena,Chennai,P013,Office Chair,Furniture,1,2500,5500,0.15,4675,2500,2175
O0523,2024-04-20,C015,Sai Reddy,Pune,P005,Monitor,Electronics,1,7000,14000,0.1,12600,7000,5600
O0524,2024-04-20,C065,Sai Mishra,Pune,P015,Rice 5kg,Grocery,1,200,350,0.1,315,200,115
O0525,2024-04-20,C019,Roshni Nair,Ahmedabad,P012,Dining Table,Furniture,1,5000,12000,0.15,10200,5000,5200
O0526,2024-04-20,C046,Isha Rao,Jaipur,P015,Rice 5kg,Grocery,3,200,350,0,1050,600,450
O0527,2024-04-21,C011,Priya Sharma,Delhi,P013,Office Chair,Furniture,1,2500,5500,0.15,4675,2500,2175
O0528,2024-04-21,C019,Roshni Nair,Ahmedabad,P017,Coffee Beans,Grocery,1,300,550,0,550,300,250
O0529,2024-04-21,C063,Rohit Bhat,Lucknow,P013,Office Chair,Furniture,2,2500,5500,0.1,9900,5000,4900
O0530,2024-04-21,C009,Pranav Mukherjee,Ahmedabad,P014,Bed Frame,Furniture,1,6000,15000,0,15000,6000,9000
O0531,2024-04-21,C039,Kavya Nair,Ahmedabad,P001,Laptop,Electronics,1,25000,45000,0,45000,25000,20000
O0532,2024-04-22,C033,Anushka Gupta,Lucknow,P009,Jacket,Fashion,2,1200,3500,0,7000,2400,4600
O0533,2024-04-22,C006,Suresh Rao,Jaipur,P011,Sofa,Furniture,1,8000,18000,0,18000,8000,10000
O0534,2024-04-22,C039,Kavya Nair,Ahmedabad,P012,Dining Table,Furniture,1,5000,12000,0.1,10800,5000,5800
O0535,2024-04-22,C018,Pooja Saxena,Chennai,P001,Laptop,Electronics,1,25000,45000,0.15,38250,25000,13250
O0536,2024-04-22,C103,Gauri Bhat,Lucknow,P002,Smartphone,Electronics,1,12000,22000,0.05,20900,12000,8900
O0537,2024-04-23,C084,Swati Kumar,Mumbai,P016,Cooking Oil,Grocery,1,150,250,0,250,150,100
O0538,2024-04-23,C034,Swati Deshmukh,Mumbai,P005,Monitor,Electronics,1,7000,14000,0.05,13300,7000,6300
O0539,2024-04-23,C023,Atharv Bhat,Lucknow,P020,Business Strategy,Books,3,350,800,0.05,2280,1050,1230
O0540,2024-04-23,C054,Riya Deshmukh,Mumbai,P013,Office Chair,Furniture,2,2500,5500,0.1,9900,5000,4900
O0541,2024-04-23,C045,Aaryan Mishra,Pune,P011,Sofa,Furniture,1,8000,18000,0,18000,8000,10000
O0542,2024-04-24,C117,Ananya Iyer,Bangalore,P010,Saree,Fashion,2,900,2800,0.1,5040,1800,3240
O0543,2024-04-24,C085,Rajesh Mishra,Pune,P001,Laptop,Electronics,1,25000,45000,0,45000,25000,20000
O0544,2024-04-24,C103,Gauri Bhat,Lucknow,P001,Laptop,Electronics,1,25000,45000,0.05,42750,25000,17750
O0545,2024-04-24,C007,Deepak Yadav,Bangalore,P004,Smartwatch,Electronics,2,3000,6000,0.1,10800,6000,4800
O0546,2024-04-24,C021,Sunil Chopra,Delhi,P005,Monitor,Electronics,1,7000,14000,0,14000,7000,7000
O0547,2024-04-25,C065,Sai Mishra,Pune,P005,Monitor,Electronics,1,7000,14000,0.05,13300,7000,6300
O0548,2024-04-25,C114,Karan Deshmukh,Mumbai,P018,Python Book,Books,2,250,600,0,1200,500,700
O0549,2024-04-25,C056,Suresh Pandey,Jaipur,P004,Smartwatch,Electronics,1,3000,6000,0.15,5100,3000,2100
O0550,2024-04-25,C092,Vikram Mehta,Kolkata,P017,Coffee Beans,Grocery,2,300,550,0.1,990,600,390
O0551,2024-04-25,C080,Shaurya Patel,Hyderabad,P011,Sofa,Furniture,1,8000,18000,0.05,17100,8000,9100
O0552,2024-04-26,C093,Vivaan Gupta,Lucknow,P001,Laptop,Electronics,1,25000,45000,0.1,40500,25000,15500
O0553,2024-04-26,C116,Advik Pandey,Jaipur,P012,Dining Table,Furniture,1,5000,12000,0,12000,5000,7000
O0554,2024-04-26,C116,Advik Pandey,Jaipur,P018,Python Book,Books,4,250,600,0,2400,1000,1400
O0555,2024-04-26,C016,Advik Pandey,Jaipur,P013,Office Chair,Furniture,2,2500,5500,0,11000,5000,6000
O0556,2024-04-26,C066,Advik Rao,Jaipur,P006,T-Shirt,Fashion,3,200,600,0.05,1710,600,1110
O0557,2024-04-27,C036,Aditya Pandey,Jaipur,P004,Smartwatch,Electronics,2,3000,6000,0.1,10800,6000,4800
O0558,2024-04-27,C064,Karan Kumar,Mumbai,P006,T-Shirt,Fashion,2,200,600,0.15,1020,400,620
O0559,2024-04-27,C006,Suresh Rao,Jaipur,P013,Office Chair,Furniture,2,2500,5500,0.05,10450,5000,5450
O0560,2024-04-27,C052,Advaith Mehta,Kolkata,P002,Smartphone,Electronics,1,12000,22000,0.05,20900,12000,8900
O0561,2024-04-27,C013,Rohit Gupta,Lucknow,P011,Sofa,Furniture,1,8000,18000,0.05,17100,8000,9100
O0562,2024-04-28,C069,Roshni Mukherjee,Ahmedabad,P020,Business Strategy,Books,1,350,800,0.15,680,350,330
O0563,2024-04-28,C111,Priya Sharma,Delhi,P016,Cooking Oil,Grocery,1,150,250,0.05,238,150,88
O0564,2024-04-28,C012,Sneha Mehta,Kolkata,P002,Smartphone,Electronics,1,12000,22000,0.05,20900,12000,8900
O0565,2024-04-28,C093,Vivaan Gupta,Lucknow,P003,Headphones,Electronics,1,1500,3500,0.05,3325,1500,1825
O0566,2024-04-28,C022,Arjun Singh,Kolkata,P013,Office Chair,Furniture,2,2500,5500,0.15,9350,5000,4350
O0567,2024-04-29,C116,Advik Pandey,Jaipur,P008,Sneakers,Fashion,2,1000,2800,0.05,5320,2000,3320
O0568,2024-04-29,C010,Diya Verma,Hyderabad,P020,Business Strategy,Books,3,350,800,0,2400,1050,1350
O0569,2024-04-29,C076,Meera Pandey,Jaipur,P011,Sofa,Furniture,1,8000,18000,0.05,17100,8000,9100
O0570,2024-04-29,C029,Vihaan Mukherjee,Ahmedabad,P014,Bed Frame,Furniture,1,6000,15000,0,15000,6000,9000
O0571,2024-04-29,C070,Rahul Verma,Hyderabad,P003,Headphones,Electronics,1,1500,3500,0,3500,1500,2000
O0572,2024-04-30,C056,Suresh Pandey,Jaipur,P013,Office Chair,Furniture,1,2500,5500,0,5500,2500,3000
O0573,2024-04-30,C049,Amit Mukherjee,Ahmedabad,P005,Monitor,Electronics,1,7000,14000,0,14000,7000,7000
O0574,2024-04-30,C033,Anushka Gupta,Lucknow,P008,Sneakers,Fashion,2,1000,2800,0.1,5040,2000,3040
O0575,2024-04-30,C086,Aditya Rao,Jaipur,P009,Jacket,Fashion,1,1200,3500,0,3500,1200,2300
O0576,2024-05-01,C046,Isha Rao,Jaipur,P015,Rice 5kg,Grocery,1,200,350,0,350,200,150
O0577,2024-05-01,C062,Sneha Singh,Kolkata,P012,Dining Table,Furniture,1,5000,12000,0.1,10800,5000,5800
O0578,2024-05-01,C024,Rithvik Kumar,Mumbai,P001,Laptop,Electronics,1,25000,45000,0.05,42750,25000,17750
O0579,2024-05-01,C017,Ananya Iyer,Bangalore,P018,Python Book,Books,3,250,600,0,1800,750,1050
O0580,2024-05-01,C088,Dhruv Joshi,Chennai,P010,Saree,Fashion,1,900,2800,0,2800,900,1900
O0581,2024-05-02,C049,Amit Mukherjee,Ahmedabad,P001,Laptop,Electronics,1,25000,45000,0,45000,25000,20000
O0582,2024-05-02,C064,Karan Kumar,Mumbai,P001,Laptop,Electronics,1,25000,45000,0.1,40500,25000,15500
O0583,2024-05-02,C091,Lakshmi Sharma,Delhi,P010,Saree,Fashion,2,900,2800,0,5600,1800,3800
O0584,2024-05-02,C004,Riya Kumar,Mumbai,P013,Office Chair,Furniture,1,2500,5500,0.15,4675,2500,2175
O0585,2024-05-02,C008,Reyansh Joshi,Chennai,P004,Smartwatch,Electronics,1,3000,6000,0,6000,3000,3000
O0586,2024-05-03,C020,Rahul Patel,Hyderabad,P019,Fiction Novel,Books,4,120,300,0.05,1140,480,660
O0587,2024-05-03,C118,Pooja Saxena,Chennai,P004,Smartwatch,Electronics,1,3000,6000,0.1,5400,3000,2400
O0588,2024-05-03,C001,Ayaan Chopra,Delhi,P011,Sofa,Furniture,1,8000,18000,0,18000,8000,10000
O0589,2024-05-03,C065,Sai Mishra,Pune,P014,Bed Frame,Furniture,1,6000,15000,0,15000,6000,9000
O0590,2024-05-03,C107,Deepak Yadav,Bangalore,P013,Office Chair,Furniture,2,2500,5500,0.05,10450,5000,5450
O0591,2024-05-04,C015,Sai Reddy,Pune,P004,Smartwatch,Electronics,2,3000,6000,0,12000,6000,6000
O0592,2024-05-04,C095,Aaryan Reddy,Pune,P006,T-Shirt,Fashion,4,200,600,0.15,2040,800,1240
O0593,2024-05-04,C064,Karan Kumar,Mumbai,P015,Rice 5kg,Grocery,3,200,350,0.05,998,600,398
O0594,2024-05-04,C098,Neha Saxena,Chennai,P018,Python Book,Books,1,250,600,0.05,570,250,320
O0595,2024-05-04,C055,Deepika Reddy,Pune,P019,Fiction Novel,Books,4,120,300,0,1200,480,720
O0596,2024-05-05,C061,Priya Chopra,Delhi,P013,Office Chair,Furniture,1,2500,5500,0,5500,2500,3000
O0597,2024-05-05,C080,Shaurya Patel,Hyderabad,P013,Office Chair,Furniture,1,2500,5500,0.1,4950,2500,2450
O0598,2024-05-05,C070,Rahul Verma,Hyderabad,P015,Rice 5kg,Grocery,3,200,350,0.1,945,600,345
O0599,2024-05-05,C011,Priya Sharma,Delhi,P006,T-Shirt,Fashion,3,200,600,0,1800,600,1200
O0600,2024-05-05,C009,Pranav Mukherjee,Ahmedabad,P001,Laptop,Electronics,1,25000,45000,0,45000,25000,20000
O0601,2024-05-06,C026,Meera Rao,Jaipur,P010,Saree,Fashion,1,900,2800,0,2800,900,1900
O0602,2024-05-06,C019,Roshni Nair,Ahmedabad,P005,Monitor,Electronics,1,7000,14000,0.05,13300,7000,6300
O0603,2024-05-06,C112,Sneha Mehta,Kolkata,P009,Jacket,Fashion,2,1200,3500,0,7000,2400,4600
O0604,2024-05-06,C018,Pooja Saxena,Chennai,P014,Bed Frame,Furniture,1,6000,15000,0.1,13500,6000,7500
O0605,2024-05-06,C088,Dhruv Joshi,Chennai,P012,Dining Table,Furniture,1,5000,12000,0.15,10200,5000,5200
O0606,2024-05-07,C017,Ananya Iyer,Bangalore,P002,Smartphone,Electronics,1,12000,22000,0,22000,12000,10000
O0607,2024-05-07,C008,Reyansh Joshi,Chennai,P011,Sofa,Furniture,1,8000,18000,0.05,17100,8000,9100
O0608,2024-05-07,C023,Atharv Bhat,Lucknow,P014,Bed Frame,Furniture,1,6000,15000,0.05,14250,6000,8250
O0609,2024-05-07,C071,Sunil Sharma,Delhi,P011,Sofa,Furniture,1,8000,18000,0.1,16200,8000,8200
O0610,2024-05-08,C020,Rahul Patel,Hyderabad,P007,Jeans,Fashion,2,600,1800,0.1,3240,1200,2040
O0611,2024-05-08,C010,Diya Verma,Hyderabad,P014,Bed Frame,Furniture,1,6000,15000,0,15000,6000,9000
O0612,2024-05-08,C025,Navya Mishra,Pune,P006,T-Shirt,Fashion,1,200,600,0,600,200,400
O0613,2024-05-08,C104,Riya Kumar,Mumbai,P001,Laptop,Electronics,1,25000,45000,0.05,42750,25000,17750
O0614,2024-05-08,C021,Sunil Chopra,Delhi,P006,T-Shirt,Fashion,3,200,600,0.05,1710,600,1110
O0615,2024-05-09,C092,Vikram Mehta,Kolkata,P004,Smartwatch,Electronics,1,3000,6000,0.05,5700,3000,2700
O0616,2024-05-09,C023,Atharv Bhat,Lucknow,P013,Office Chair,Furniture,1,2500,5500,0.05,5225,2500,2725
O0617,2024-05-09,C020,Rahul Patel,Hyderabad,P013,Office Chair,Furniture,2,2500,5500,0,11000,5000,6000
O0618,2024-05-09,C089,Kavya Mukherjee,Ahmedabad,P009,Jacket,Fashion,1,1200,3500,0.15,2975,1200,1775
O0619,2024-05-09,C021,Sunil Chopra,Delhi,P014,Bed Frame,Furniture,1,6000,15000,0.05,14250,6000,8250
O0620,2024-05-10,C050,Aarav Verma,Hyderabad,P006,T-Shirt,Fashion,2,200,600,0,1200,400,800
O0621,2024-05-10,C116,Advik Pandey,Jaipur,P020,Business Strategy,Books,3,350,800,0.05,2280,1050,1230
O0622,2024-05-10,C020,Rahul Patel,Hyderabad,P007,Jeans,Fashion,2,600,1800,0.05,3420,1200,2220
O0623,2024-05-10,C054,Riya Deshmukh,Mumbai,P013,Office Chair,Furniture,2,2500,5500,0,11000,5000,6000
O0624,2024-05-10,C040,Tanvi Patel,Hyderabad,P011,Sofa,Furniture,1,8000,18000,0,18000,8000,10000
O0625,2024-05-11,C050,Aarav Verma,Hyderabad,P012,Dining Table,Furniture,1,5000,12000,0,12000,5000,7000
O0626,2024-05-11,C105,Deepika Mishra,Pune,P012,Dining Table,Furniture,1,5000,12000,0,12000,5000,7000
O0627,2024-05-11,C094,Krishna Deshmukh,Mumbai,P001,Laptop,Electronics,1,25000,45000,0.05,42750,25000,17750
O0628,2024-05-11,C002,Advaith Singh,Kolkata,P016,Cooking Oil,Grocery,2,150,250,0,500,300,200
O0629,2024-05-11,C019,Roshni Nair,Ahmedabad,P016,Cooking Oil,Grocery,1,150,250,0,250,150,100
O0630,2024-05-12,C099,Amit Nair,Ahmedabad,P014,Bed Frame,Furniture,1,6000,15000,0.05,14250,6000,8250
O0631,2024-05-12,C086,Aditya Rao,Jaipur,P004,Smartwatch,Electronics,1,3000,6000,0.05,5700,3000,2700
O0632,2024-05-12,C069,Roshni Mukherjee,Ahmedabad,P005,Monitor,Electronics,1,7000,14000,0,14000,7000,7000
O0633,2024-05-12,C094,Krishna Deshmukh,Mumbai,P013,Office Chair,Furniture,2,2500,5500,0.1,9900,5000,4900
O0634,2024-05-12,C079,Vihaan Nair,Ahmedabad,P014,Bed Frame,Furniture,1,6000,15000,0,15000,6000,9000
O0635,2024-05-13,C013,Rohit Gupta,Lucknow,P015,Rice 5kg,Grocery,4,200,350,0.1,1260,800,460
O0636,2024-05-13,C104,Riya Kumar,Mumbai,P020,Business Strategy,Books,3,350,800,0.1,2160,1050,1110
O0637,2024-05-13,C089,Kavya Mukherjee,Ahmedabad,P020,Business Strategy,Books,3,350,800,0.05,2280,1050,1230
O0638,2024-05-13,C101,Ayaan Chopra,Delhi,P003,Headphones,Electronics,1,1500,3500,0.05,3325,1500,1825
O0639,2024-05-14,C088,Dhruv Joshi,Chennai,P012,Dining Table,Furniture,1,5000,12000,0.1,10800,5000,5800
O0640,2024-05-14,C091,Lakshmi Sharma,Delhi,P005,Monitor,Electronics,1,7000,14000,0,14000,7000,7000
O0641,2024-05-14,C085,Rajesh Mishra,Pune,P011,Sofa,Furniture,1,8000,18000,0.05,17100,8000,9100
O0642,2024-05-14,C110,Diya Verma,Hyderabad,P001,Laptop,Electronics,1,25000,45000,0,45000,25000,20000
O0643,2024-05-14,C015,Sai Reddy,Pune,P009,Jacket,Fashion,2,1200,3500,0,7000,2400,4600
O0644,2024-05-15,C061,Priya Chopra,Delhi,P001,Laptop,Electronics,1,25000,45000,0.15,38250,25000,13250
O0645,2024-05-15,C112,Sneha Mehta,Kolkata,P005,Monitor,Electronics,1,7000,14000,0.1,12600,7000,5600
O0646,2024-05-15,C073,Atharv Gupta,Lucknow,P014,Bed Frame,Furniture,1,6000,15000,0.1,13500,6000,7500
O0647,2024-05-15,C026,Meera Rao,Jaipur,P003,Headphones,Electronics,2,1500,3500,0.05,6650,3000,3650
O0648,2024-05-15,C050,Aarav Verma,Hyderabad,P014,Bed Frame,Furniture,1,6000,15000,0,15000,6000,9000
O0649,2024-05-16,C005,Deepika Mishra,Pune,P005,Monitor,Electronics,1,7000,14000,0.15,11900,7000,4900
O0650,2024-05-16,C106,Suresh Rao,Jaipur,P012,Dining Table,Furniture,1,5000,12000,0,12000,5000,7000
O0651,2024-05-16,C022,Arjun Singh,Kolkata,P003,Headphones,Electronics,2,1500,3500,0,7000,3000,4000
O0652,2024-05-16,C103,Gauri Bhat,Lucknow,P003,Headphones,Electronics,1,1500,3500,0,3500,1500,2000
O0653,2024-05-16,C025,Navya Mishra,Pune,P001,Laptop,Electronics,1,25000,45000,0.1,40500,25000,15500
O0654,2024-05-17,C113,Rohit Gupta,Lucknow,P019,Fiction Novel,Books,2,120,300,0.15,510,240,270
O0655,2024-05-17,C073,Atharv Gupta,Lucknow,P012,Dining Table,Furniture,1,5000,12000,0.15,10200,5000,5200
O0656,2024-05-17,C043,Vivaan Bhat,Lucknow,P014,Bed Frame,Furniture,1,6000,15000,0.15,12750,6000,6750
O0657,2024-05-17,C083,Anushka Bhat,Lucknow,P012,Dining Table,Furniture,1,5000,12000,0.1,10800,5000,5800
O0658,2024-05-17,C053,Gauri Gupta,Lucknow,P005,Monitor,Electronics,1,7000,14000,0.05,13300,7000,6300
O0659,2024-05-18,C005,Deepika Mishra,Pune,P004,Smartwatch,Electronics,1,3000,6000,0.05,5700,3000,2700
O0660,2024-05-18,C105,Deepika Mishra,Pune,P001,Laptop,Electronics,1,25000,45000,0,45000,25000,20000
O0661,2024-05-18,C070,Rahul Verma,Hyderabad,P015,Rice 5kg,Grocery,2,200,350,0,700,400,300
O0662,2024-05-18,C005,Deepika Mishra,Pune,P002,Smartphone,Electronics,1,12000,22000,0.1,19800,12000,7800
O0663,2024-05-18,C017,Ananya Iyer,Bangalore,P010,Saree,Fashion,2,900,2800,0,5600,1800,3800
O0664,2024-05-19,C094,Krishna Deshmukh,Mumbai,P011,Sofa,Furniture,1,8000,18000,0,18000,8000,10000
O0665,2024-05-19,C009,Pranav Mukherjee,Ahmedabad,P017,Coffee Beans,Grocery,4,300,550,0,2200,1200,1000
O0666,2024-05-19,C092,Vikram Mehta,Kolkata,P012,Dining Table,Furniture,1,5000,12000,0,12000,5000,7000
O0667,2024-05-19,C001,Ayaan Chopra,Delhi,P002,Smartphone,Electronics,1,12000,22000,0,22000,12000,10000
O0668,2024-05-20,C019,Roshni Nair,Ahmedabad,P003,Headphones,Electronics,2,1500,3500,0.05,6650,3000,3650
O0669,2024-05-20,C050,Aarav Verma,Hyderabad,P010,Saree,Fashion,2,900,2800,0,5600,1800,3800
O0670,2024-05-20,C056,Suresh Pandey,Jaipur,P020,Business Strategy,Books,3,350,800,0.1,2160,1050,1110
O0671,2024-05-20,C009,Pranav Mukherjee,Ahmedabad,P003,Headphones,Electronics,1,1500,3500,0,3500,1500,2000
O0672,2024-05-20,C008,Reyansh Joshi,Chennai,P012,Dining Table,Furniture,1,5000,12000,0,12000,5000,7000
O0673,2024-05-21,C089,Kavya Mukherjee,Ahmedabad,P009,Jacket,Fashion,1,1200,3500,0.1,3150,1200,1950
O0674,2024-05-21,C001,Ayaan Chopra,Delhi,P020,Business Strategy,Books,2,350,800,0.05,1520,700,820
O0675,2024-05-21,C068,Pooja Joshi,Chennai,P002,Smartphone,Electronics,1,12000,22000,0,22000,12000,10000
O0676,2024-05-21,C002,Advaith Singh,Kolkata,P005,Monitor,Electronics,1,7000,14000,0,14000,7000,7000
O0677,2024-05-21,C019,Roshni Nair,Ahmedabad,P010,Saree,Fashion,1,900,2800,0.05,2660,900,1760
O0678,2024-05-22,C022,Arjun Singh,Kolkata,P001,Laptop,Electronics,1,25000,45000,0.15,38250,25000,13250
O0679,2024-05-22,C108,Reyansh Joshi,Chennai,P008,Sneakers,Fashion,1,1000,2800,0.15,2380,1000,1380
O0680,2024-05-22,C011,Priya Sharma,Delhi,P006,T-Shirt,Fashion,3,200,600,0.05,1710,600,1110
O0681,2024-05-22,C003,Gauri Bhat,Lucknow,P003,Headphones,Electronics,1,1500,3500,0.05,3325,1500,1825
O0682,2024-05-22,C026,Meera Rao,Jaipur,P004,Smartwatch,Electronics,1,3000,6000,0.1,5400,3000,2400
O0683,2024-05-23,C056,Suresh Pandey,Jaipur,P012,Dining Table,Furniture,1,5000,12000,0,12000,5000,7000
O0684,2024-05-23,C109,Pranav Mukherjee,Ahmedabad,P007,Jeans,Fashion,2,600,1800,0.1,3240,1200,2040
O0685,2024-05-23,C025,Navya Mishra,Pune,P004,Smartwatch,Electronics,2,3000,6000,0,12000,6000,6000
O0686,2024-05-23,C027,Manish Yadav,Bangalore,P012,Dining Table,Furniture,1,5000,12000,0.05,11400,5000,6400
O0687,2024-05-23,C032,Khushi Mehta,Kolkata,P003,Headphones,Electronics,1,1500,3500,0.1,3150,1500,1650
O0688,2024-05-24,C108,Reyansh Joshi,Chennai,P013,Office Chair,Furniture,1,2500,5500,0,5500,2500,3000
O0689,2024-05-24,C106,Suresh Rao,Jaipur,P012,Dining Table,Furniture,1,5000,12000,0,12000,5000,7000
O0690,2024-05-24,C039,Kavya Nair,Ahmedabad,P002,Smartphone,Electronics,1,12000,22000,0.15,18700,12000,6700
O0691,2024-05-24,C086,Aditya Rao,Jaipur,P005,Monitor,Electronics,1,7000,14000,0.1,12600,7000,5600
O0692,2024-05-24,C056,Suresh Pandey,Jaipur,P004,Smartwatch,Electronics,1,3000,6000,0.1,5400,3000,2400
O0693,2024-05-25,C017,Ananya Iyer,Bangalore,P008,Sneakers,Fashion,1,1000,2800,0.1,2520,1000,1520
O0694,2024-05-25,C045,Aaryan Mishra,Pune,P018,Python Book,Books,2,250,600,0.15,1020,500,520
O0695,2024-05-25,C111,Priya Sharma,Delhi,P002,Smartphone,Electronics,1,12000,22000,0.1,19800,12000,7800
O0696,2024-05-25,C117,Ananya Iyer,Bangalore,P004,Smartwatch,Electronics,2,3000,6000,0,12000,6000,6000
O0697,2024-05-26,C114,Karan Deshmukh,Mumbai,P005,Monitor,Electronics,1,7000,14000,0.15,11900,7000,4900
O0698,2024-05-26,C032,Khushi Mehta,Kolkata,P020,Business Strategy,Books,1,350,800,0.15,680,350,330
O0699,2024-05-26,C027,Manish Yadav,Bangalore,P013,Office Chair,Furniture,2,2500,5500,0,11000,5000,6000
O0700,2024-05-26,C024,Rithvik Kumar,Mumbai,P005,Monitor,Electronics,1,7000,14000,0.1,12600,7000,5600
O0701,2024-05-26,C112,Sneha Mehta,Kolkata,P005,Monitor,Electronics,1,7000,14000,0.15,11900,7000,4900
O0702,2024-05-27,C104,Riya Kumar,Mumbai,P018,Python Book,Books,1,250,600,0,600,250,350
O0703,2024-05-27,C007,Deepak Yadav,Bangalore,P010,Saree,Fashion,1,900,2800,0.05,2660,900,1760
O0704,2024-05-27,C065,Sai Mishra,Pune,P006,T-Shirt,Fashion,3,200,600,0.15,1530,600,930
O0705,2024-05-27,C081,Kabir Chopra,Delhi,P001,Laptop,Electronics,1,25000,45000,0.05,42750,25000,17750
O0706,2024-05-27,C025,Navya Mishra,Pune,P003,Headphones,Electronics,2,1500,3500,0.05,6650,3000,3650
O0707,2024-05-28,C003,Gauri Bhat,Lucknow,P004,Smartwatch,Electronics,1,3000,6000,0.05,5700,3000,2700
O0708,2024-05-28,C038,Dhruv Saxena,Chennai,P003,Headphones,Electronics,2,1500,3500,0.15,5950,3000,2950
O0709,2024-05-28,C065,Sai Mishra,Pune,P001,Laptop,Electronics,1,25000,45000,0.1,40500,25000,15500
O0710,2024-05-28,C068,Pooja Joshi,Chennai,P010,Saree,Fashion,2,900,2800,0.15,4760,1800,2960
O0711,2024-05-28,C015,Sai Reddy,Pune,P008,Sneakers,Fashion,2,1000,2800,0.1,5040,2000,3040
O0712,2024-05-29,C016,Advik Pandey,Jaipur,P001,Laptop,Electronics,1,25000,45000,0.05,42750,25000,17750
O0713,2024-05-29,C051,Ayaan Sharma,Delhi,P001,Laptop,Electronics,1,25000,45000,0.05,42750,25000,17750
O0714,2024-05-29,C066,Advik Rao,Jaipur,P007,Jeans,Fashion,1,600,1800,0.05,1710,600,1110
O0715,2024-05-29,C102,Advaith Singh,Kolkata,P013,Office Chair,Furniture,2,2500,5500,0.15,9350,5000,4350
O0716,2024-05-29,C005,Deepika Mishra,Pune,P003,Headphones,Electronics,2,1500,3500,0.15,5950,3000,2950
O0717,2024-05-30,C007,Deepak Yadav,Bangalore,P005,Monitor,Electronics,1,7000,14000,0.05,13300,7000,6300
O0718,2024-05-30,C086,Aditya Rao,Jaipur,P004,Smartwatch,Electronics,2,3000,6000,0.15,10200,6000,4200
O0719,2024-05-30,C049,Amit Mukherjee,Ahmedabad,P006,T-Shirt,Fashion,3,200,600,0.15,1530,600,930
O0720,2024-05-30,C023,Atharv Bhat,Lucknow,P019,Fiction Novel,Books,3,120,300,0.15,765,360,405
O0721,2024-05-30,C083,Anushka Bhat,Lucknow,P014,Bed Frame,Furniture,1,6000,15000,0.05,14250,6000,8250
O0722,2024-05-31,C008,Reyansh Joshi,Chennai,P012,Dining Table,Furniture,1,5000,12000,0.1,10800,5000,5800
O0723,2024-05-31,C096,Isha Pandey,Jaipur,P012,Dining Table,Furniture,1,5000,12000,0,12000,5000,7000
O0724,2024-05-31,C120,Rahul Patel,Hyderabad,P003,Headphones,Electronics,2,1500,3500,0,7000,3000,4000
O0725,2024-05-31,C041,Lakshmi Chopra,Delhi,P014,Bed Frame,Furniture,1,6000,15000,0.1,13500,6000,7500
O0726,2024-06-01,C050,Aarav Verma,Hyderabad,P019,Fiction Novel,Books,3,120,300,0.15,765,360,405
O0727,2024-06-01,C041,Lakshmi Chopra,Delhi,P012,Dining Table,Furniture,1,5000,12000,0.05,11400,5000,6400
O0728,2024-06-01,C052,Advaith Mehta,Kolkata,P014,Bed Frame,Furniture,1,6000,15000,0.05,14250,6000,8250
O0729,2024-06-01,C024,Rithvik Kumar,Mumbai,P005,Monitor,Electronics,1,7000,14000,0.15,11900,7000,4900
O0730,2024-06-01,C078,Sanjay Saxena,Chennai,P011,Sofa,Furniture,1,8000,18000,0.05,17100,8000,9100
O0731,2024-06-02,C047,Saanvi Yadav,Bangalore,P002,Smartphone,Electronics,1,12000,22000,0.1,19800,12000,7800
O0732,2024-06-02,C062,Sneha Singh,Kolkata,P013,Office Chair,Furniture,2,2500,5500,0,11000,5000,6000
O0733,2024-06-02,C081,Kabir Chopra,Delhi,P014,Bed Frame,Furniture,1,6000,15000,0.1,13500,6000,7500
O0734,2024-06-02,C013,Rohit Gupta,Lucknow,P018,Python Book,Books,4,250,600,0.15,2040,1000,1040
O0735,2024-06-02,C096,Isha Pandey,Jaipur,P003,Headphones,Electronics,1,1500,3500,0.15,2975,1500,1475
O0736,2024-06-03,C074,Rithvik Deshmukh,Mumbai,P007,Jeans,Fashion,2,600,1800,0.15,3060,1200,1860
O0737,2024-06-03,C059,Pranav Nair,Ahmedabad,P001,Laptop,Electronics,1,25000,45000,0,45000,25000,20000
O0738,2024-06-03,C027,Manish Yadav,Bangalore,P008,Sneakers,Fashion,1,1000,2800,0,2800,1000,1800
O0739,2024-06-03,C065,Sai Mishra,Pune,P003,Headphones,Electronics,1,1500,3500,0.05,3325,1500,1825
O0740,2024-06-03,C013,Rohit Gupta,Lucknow,P011,Sofa,Furniture,1,8000,18000,0,18000,8000,10000
O0741,2024-06-04,C118,Pooja Saxena,Chennai,P002,Smartphone,Electronics,1,12000,22000,0.15,18700,12000,6700
O0742,2024-06-04,C010,Diya Verma,Hyderabad,P013,Office Chair,Furniture,1,2500,5500,0,5500,2500,3000
O0743,2024-06-04,C102,Advaith Singh,Kolkata,P003,Headphones,Electronics,1,1500,3500,0,3500,1500,2000
O0744,2024-06-04,C045,Aaryan Mishra,Pune,P001,Laptop,Electronics,1,25000,45000,0.15,38250,25000,13250
O0745,2024-06-04,C021,Sunil Chopra,Delhi,P011,Sofa,Furniture,1,8000,18000,0.05,17100,8000,9100
O0746,2024-06-05,C072,Arjun Mehta,Kolkata,P011,Sofa,Furniture,1,8000,18000,0,18000,8000,10000
O0747,2024-06-05,C028,Sanjay Joshi,Chennai,P016,Cooking Oil,Grocery,3,150,250,0.05,713,450,263
O0748,2024-06-05,C099,Amit Nair,Ahmedabad,P012,Dining Table,Furniture,1,5000,12000,0,12000,5000,7000
O0749,2024-06-05,C052,Advaith Mehta,Kolkata,P011,Sofa,Furniture,1,8000,18000,0,18000,8000,10000
O0750,2024-06-05,C031,Kabir Sharma,Delhi,P004,Smartwatch,Electronics,2,3000,6000,0.15,10200,6000,4200
O0751,2024-06-06,C115,Sai Reddy,Pune,P008,Sneakers,Fashion,2,1000,2800,0.15,4760,2000,2760
O0752,2024-06-06,C008,Reyansh Joshi,Chennai,P002,Smartphone,Electronics,1,12000,22000,0.05,20900,12000,8900
O0753,2024-06-06,C040,Tanvi Patel,Hyderabad,P020,Business Strategy,Books,2,350,800,0.05,1520,700,820
O0754,2024-06-06,C028,Sanjay Joshi,Chennai,P016,Cooking Oil,Grocery,4,150,250,0.05,950,600,350
O0755,2024-06-06,C030,Shaurya Verma,Hyderabad,P010,Saree,Fashion,1,900,2800,0.15,2380,900,1480
O0756,2024-06-07,C017,Ananya Iyer,Bangalore,P013,Office Chair,Furniture,2,2500,5500,0,11000,5000,6000
O0757,2024-06-07,C033,Anushka Gupta,Lucknow,P015,Rice 5kg,Grocery,4,200,350,0.05,1330,800,530
O0758,2024-06-07,C077,Manish Iyer,Bangalore,P003,Headphones,Electronics,1,1500,3500,0,3500,1500,2000
O0759,2024-06-07,C026,Meera Rao,Jaipur,P001,Laptop,Electronics,1,25000,45000,0,45000,25000,20000
O0760,2024-06-07,C031,Kabir Sharma,Delhi,P005,Monitor,Electronics,1,7000,14000,0.05,13300,7000,6300
O0761,2024-06-08,C009,Pranav Mukherjee,Ahmedabad,P003,Headphones,Electronics,1,1500,3500,0.15,2975,1500,1475
O0762,2024-06-08,C052,Advaith Mehta,Kolkata,P007,Jeans,Fashion,2,600,1800,0.1,3240,1200,2040
O0763,2024-06-08,C040,Tanvi Patel,Hyderabad,P001,Laptop,Electronics,1,25000,45000,0.1,40500,25000,15500
O0764,2024-06-08,C001,Ayaan Chopra,Delhi,P002,Smartphone,Electronics,1,12000,22000,0.15,18700,12000,6700
O0765,2024-06-08,C051,Ayaan Sharma,Delhi,P003,Headphones,Electronics,2,1500,3500,0.05,6650,3000,3650
O0766,2024-06-09,C030,Shaurya Verma,Hyderabad,P019,Fiction Novel,Books,2,120,300,0.15,510,240,270
O0767,2024-06-09,C052,Advaith Mehta,Kolkata,P020,Business Strategy,Books,2,350,800,0.05,1520,700,820
O0768,2024-06-09,C073,Atharv Gupta,Lucknow,P019,Fiction Novel,Books,4,120,300,0.05,1140,480,660
O0769,2024-06-09,C051,Ayaan Sharma,Delhi,P005,Monitor,Electronics,1,7000,14000,0.05,13300,7000,6300
O0770,2024-06-09,C048,Neha Joshi,Chennai,P009,Jacket,Fashion,1,1200,3500,0,3500,1200,2300
O0771,2024-06-10,C111,Priya Sharma,Delhi,P002,Smartphone,Electronics,1,12000,22000,0.05,20900,12000,8900
O0772,2024-06-10,C109,Pranav Mukherjee,Ahmedabad,P004,Smartwatch,Electronics,1,3000,6000,0,6000,3000,3000
O0773,2024-06-10,C043,Vivaan Bhat,Lucknow,P017,Coffee Beans,Grocery,2,300,550,0.15,935,600,335
O0774,2024-06-10,C004,Riya Kumar,Mumbai,P011,Sofa,Furniture,1,8000,18000,0.1,16200,8000,8200
O0775,2024-06-11,C022,Arjun Singh,Kolkata,P012,Dining Table,Furniture,1,5000,12000,0.1,10800,5000,5800
O0776,2024-06-11,C008,Reyansh Joshi,Chennai,P005,Monitor,Electronics,1,7000,14000,0.05,13300,7000,6300
O0777,2024-06-11,C003,Gauri Bhat,Lucknow,P011,Sofa,Furniture,1,8000,18000,0,18000,8000,10000
O0778,2024-06-11,C044,Krishna Kumar,Mumbai,P015,Rice 5kg,Grocery,3,200,350,0.05,998,600,398
O0779,2024-06-11,C081,Kabir Chopra,Delhi,P002,Smartphone,Electronics,1,12000,22000,0,22000,12000,10000
O0780,2024-06-12,C025,Navya Mishra,Pune,P004,Smartwatch,Electronics,2,3000,6000,0.15,10200,6000,4200
O0781,2024-06-12,C040,Tanvi Patel,Hyderabad,P001,Laptop,Electronics,1,25000,45000,0.1,40500,25000,15500
O0782,2024-06-12,C037,Ishaan Iyer,Bangalore,P014,Bed Frame,Furniture,1,6000,15000,0.15,12750,6000,6750
O0783,2024-06-12,C023,Atharv Bhat,Lucknow,P007,Jeans,Fashion,1,600,1800,0,1800,600,1200
O0784,2024-06-12,C017,Ananya Iyer,Bangalore,P014,Bed Frame,Furniture,1,6000,15000,0,15000,6000,9000
O0785,2024-06-13,C007,Deepak Yadav,Bangalore,P005,Monitor,Electronics,1,7000,14000,0.05,13300,7000,6300
O0786,2024-06-13,C068,Pooja Joshi,Chennai,P003,Headphones,Electronics,1,1500,3500,0.1,3150,1500,1650
O0787,2024-06-13,C107,Deepak Yadav,Bangalore,P002,Smartphone,Electronics,1,12000,22000,0.05,20900,12000,8900
O0788,2024-06-13,C030,Shaurya Verma,Hyderabad,P004,Smartwatch,Electronics,2,3000,6000,0.05,11400,6000,5400
O0789,2024-06-13,C062,Sneha Singh,Kolkata,P001,Laptop,Electronics,1,25000,45000,0,45000,25000,20000
O0790,2024-06-14,C022,Arjun Singh,Kolkata,P010,Saree,Fashion,1,900,2800,0.1,2520,900,1620
O0791,2024-06-14,C028,Sanjay Joshi,Chennai,P007,Jeans,Fashion,1,600,1800,0,1800,600,1200
O0792,2024-06-14,C008,Reyansh Joshi,Chennai,P005,Monitor,Electronics,1,7000,14000,0.1,12600,7000,5600
O0793,2024-06-14,C057,Deepak Iyer,Bangalore,P003,Headphones,Electronics,1,1500,3500,0.05,3325,1500,1825
O0794,2024-06-14,C005,Deepika Mishra,Pune,P013,Office Chair,Furniture,1,2500,5500,0.05,5225,2500,2725
O0795,2024-06-15,C054,Riya Deshmukh,Mumbai,P005,Monitor,Electronics,1,7000,14000,0.05,13300,7000,6300
O0796,2024-06-15,C087,Ishaan Yadav,Bangalore,P011,Sofa,Furniture,1,8000,18000,0,18000,8000,10000
O0797,2024-06-15,C010,Diya Verma,Hyderabad,P014,Bed Frame,Furniture,1,6000,15000,0.1,13500,6000,7500
O0798,2024-06-15,C024,Rithvik Kumar,Mumbai,P010,Saree,Fashion,2,900,2800,0.1,5040,1800,3240
O0799,2024-06-15,C082,Khushi Singh,Kolkata,P015,Rice 5kg,Grocery,3,200,350,0,1050,600,450
O0800,2024-06-16,C046,Isha Rao,Jaipur,P005,Monitor,Electronics,1,7000,14000,0.05,13300,7000,6300
O0801,2024-06-16,C016,Advik Pandey,Jaipur,P010,Saree,Fashion,1,900,2800,0,2800,900,1900
O0802,2024-06-16,C001,Ayaan Chopra,Delhi,P003,Headphones,Electronics,1,1500,3500,0.05,3325,1500,1825
O0803,2024-06-16,C092,Vikram Mehta,Kolkata,P001,Laptop,Electronics,1,25000,45000,0,45000,25000,20000
O0804,2024-06-16,C007,Deepak Yadav,Bangalore,P002,Smartphone,Electronics,1,12000,22000,0,22000,12000,10000
O0805,2024-06-17,C043,Vivaan Bhat,Lucknow,P008,Sneakers,Fashion,1,1000,2800,0.1,2520,1000,1520
O0806,2024-06-17,C045,Aaryan Mishra,Pune,P008,Sneakers,Fashion,1,1000,2800,0.1,2520,1000,1520
O0807,2024-06-17,C015,Sai Reddy,Pune,P012,Dining Table,Furniture,1,5000,12000,0.1,10800,5000,5800
O0808,2024-06-17,C012,Sneha Mehta,Kolkata,P001,Laptop,Electronics,1,25000,45000,0.1,40500,25000,15500
O0809,2024-06-17,C035,Rajesh Reddy,Pune,P006,T-Shirt,Fashion,2,200,600,0.1,1080,400,680
O0810,2024-06-18,C009,Pranav Mukherjee,Ahmedabad,P005,Monitor,Electronics,1,7000,14000,0.05,13300,7000,6300
O0811,2024-06-18,C043,Vivaan Bhat,Lucknow,P016,Cooking Oil,Grocery,2,150,250,0.05,475,300,175
O0812,2024-06-18,C113,Rohit Gupta,Lucknow,P004,Smartwatch,Electronics,2,3000,6000,0,12000,6000,6000
O0813,2024-06-18,C113,Rohit Gupta,Lucknow,P018,Python Book,Books,2,250,600,0,1200,500,700
O0814,2024-06-18,C110,Diya Verma,Hyderabad,P007,Jeans,Fashion,1,600,1800,0.1,1620,600,1020
O0815,2024-06-19,C019,Roshni Nair,Ahmedabad,P013,Office Chair,Furniture,1,2500,5500,0.05,5225,2500,2725
O0816,2024-06-19,C010,Diya Verma,Hyderabad,P001,Laptop,Electronics,1,25000,45000,0.05,42750,25000,17750
O0817,2024-06-19,C024,Rithvik Kumar,Mumbai,P019,Fiction Novel,Books,1,120,300,0,300,120,180
O0818,2024-06-19,C096,Isha Pandey,Jaipur,P008,Sneakers,Fashion,1,1000,2800,0.1,2520,1000,1520
O0819,2024-06-19,C003,Gauri Bhat,Lucknow,P017,Coffee Beans,Grocery,4,300,550,0.05,2090,1200,890
O0820,2024-06-20,C120,Rahul Patel,Hyderabad,P002,Smartphone,Electronics,1,12000,22000,0.15,18700,12000,6700
O0821,2024-06-20,C120,Rahul Patel,Hyderabad,P003,Headphones,Electronics,2,1500,3500,0,7000,3000,4000
O0822,2024-06-20,C011,Priya Sharma,Delhi,P003,Headphones,Electronics,2,1500,3500,0.05,6650,3000,3650
O0823,2024-06-20,C067,Ananya Yadav,Bangalore,P018,Python Book,Books,4,250,600,0.05,2280,1000,1280
O0824,2024-06-21,C088,Dhruv Joshi,Chennai,P002,Smartphone,Electronics,1,12000,22000,0.05,20900,12000,8900
O0825,2024-06-21,C060,Diya Patel,Hyderabad,P010,Saree,Fashion,2,900,2800,0,5600,1800,3800
O0826,2024-06-21,C016,Advik Pandey,Jaipur,P004,Smartwatch,Electronics,1,3000,6000,0,6000,3000,3000
O0827,2024-06-21,C007,Deepak Yadav,Bangalore,P020,Business Strategy,Books,4,350,800,0,3200,1400,1800
O0828,2024-06-21,C020,Rahul Patel,Hyderabad,P017,Coffee Beans,Grocery,1,300,550,0,550,300,250
O0829,2024-06-22,C059,Pranav Nair,Ahmedabad,P008,Sneakers,Fashion,1,1000,2800,0.1,2520,1000,1520
O0830,2024-06-22,C077,Manish Iyer,Bangalore,P009,Jacket,Fashion,2,1200,3500,0.15,5950,2400,3550
O0831,2024-06-22,C087,Ishaan Yadav,Bangalore,P003,Headphones,Electronics,1,1500,3500,0,3500,1500,2000
O0832,2024-06-22,C008,Reyansh Joshi,Chennai,P001,Laptop,Electronics,1,25000,45000,0,45000,25000,20000
O0833,2024-06-22,C003,Gauri Bhat,Lucknow,P003,Headphones,Electronics,1,1500,3500,0,3500,1500,2000
O0834,2024-06-23,C034,Swati Deshmukh,Mumbai,P001,Laptop,Electronics,1,25000,45000,0,45000,25000,20000
O0835,2024-06-23,C044,Krishna Kumar,Mumbai,P011,Sofa,Furniture,1,8000,18000,0.05,17100,8000,9100
O0836,2024-06-23,C084,Swati Kumar,Mumbai,P003,Headphones,Electronics,2,1500,3500,0,7000,3000,4000
O0837,2024-06-23,C105,Deepika Mishra,Pune,P003,Headphones,Electronics,1,1500,3500,0,3500,1500,2000
O0838,2024-06-23,C065,Sai Mishra,Pune,P004,Smartwatch,Electronics,2,3000,6000,0.1,10800,6000,4800
O0839,2024-06-24,C016,Advik Pandey,Jaipur,P013,Office Chair,Furniture,2,2500,5500,0.1,9900,5000,4900
O0840,2024-06-24,C021,Sunil Chopra,Delhi,P009,Jacket,Fashion,2,1200,3500,0.15,5950,2400,3550
O0841,2024-06-24,C015,Sai Reddy,Pune,P020,Business Strategy,Books,1,350,800,0,800,350,450
O0842,2024-06-24,C040,Tanvi Patel,Hyderabad,P014,Bed Frame,Furniture,1,6000,15000,0,15000,6000,9000
O0843,2024-06-24,C019,Roshni Nair,Ahmedabad,P001,Laptop,Electronics,1,25000,45000,0.1,40500,25000,15500
O0844,2024-06-25,C074,Rithvik Deshmukh,Mumbai,P012,Dining Table,Furniture,1,5000,12000,0.05,11400,5000,6400
O0845,2024-06-25,C018,Pooja Saxena,Chennai,P001,Laptop,Electronics,1,25000,45000,0.1,40500,25000,15500
O0846,2024-06-25,C087,Ishaan Yadav,Bangalore,P003,Headphones,Electronics,1,1500,3500,0,3500,1500,2000
O0847,2024-06-25,C081,Kabir Chopra,Delhi,P012,Dining Table,Furniture,1,5000,12000,0.1,10800,5000,5800
O0848,2024-06-25,C007,Deepak Yadav,Bangalore,P001,Laptop,Electronics,1,25000,45000,0,45000,25000,20000
O0849,2024-06-26,C006,Suresh Rao,Jaipur,P014,Bed Frame,Furniture,1,6000,15000,0,15000,6000,9000
O0850,2024-06-26,C100,Aarav Patel,Hyderabad,P004,Smartwatch,Electronics,2,3000,6000,0,12000,6000,6000
O0851,2024-06-26,C024,Rithvik Kumar,Mumbai,P004,Smartwatch,Electronics,1,3000,6000,0,6000,3000,3000
O0852,2024-06-26,C014,Karan Deshmukh,Mumbai,P012,Dining Table,Furniture,1,5000,12000,0.15,10200,5000,5200
O0853,2024-06-26,C004,Riya Kumar,Mumbai,P012,Dining Table,Furniture,1,5000,12000,0.1,10800,5000,5800
O0854,2024-06-27,C074,Rithvik Deshmukh,Mumbai,P011,Sofa,Furniture,1,8000,18000,0.1,16200,8000,8200
O0855,2024-06-27,C023,Atharv Bhat,Lucknow,P014,Bed Frame,Furniture,1,6000,15000,0.05,14250,6000,8250
O0856,2024-06-27,C095,Aaryan Reddy,Pune,P010,Saree,Fashion,1,900,2800,0.05,2660,900,1760
O0857,2024-06-27,C021,Sunil Chopra,Delhi,P011,Sofa,Furniture,1,8000,18000,0,18000,8000,10000
O0858,2024-06-27,C007,Deepak Yadav,Bangalore,P013,Office Chair,Furniture,2,2500,5500,0.1,9900,5000,4900
O0859,2024-06-28,C031,Kabir Sharma,Delhi,P008,Sneakers,Fashion,2,1000,2800,0,5600,2000,3600
O0860,2024-06-28,C034,Swati Deshmukh,Mumbai,P007,Jeans,Fashion,2,600,1800,0.05,3420,1200,2220
O0861,2024-06-28,C019,Roshni Nair,Ahmedabad,P019,Fiction Novel,Books,4,120,300,0,1200,480,720
O0862,2024-06-28,C039,Kavya Nair,Ahmedabad,P011,Sofa,Furniture,1,8000,18000,0.05,17100,8000,9100
O0863,2024-06-28,C053,Gauri Gupta,Lucknow,P020,Business Strategy,Books,4,350,800,0.15,2720,1400,1320
O0864,2024-06-29,C086,Aditya Rao,Jaipur,P001,Laptop,Electronics,1,25000,45000,0.15,38250,25000,13250
O0865,2024-06-29,C089,Kavya Mukherjee,Ahmedabad,P011,Sofa,Furniture,1,8000,18000,0.15,15300,8000,7300
O0866,2024-06-29,C028,Sanjay Joshi,Chennai,P002,Smartphone,Electronics,1,12000,22000,0.05,20900,12000,8900
O0867,2024-06-29,C054,Riya Deshmukh,Mumbai,P005,Monitor,Electronics,1,7000,14000,0.1,12600,7000,5600
O0868,2024-06-29,C038,Dhruv Saxena,Chennai,P013,Office Chair,Furniture,1,2500,5500,0,5500,2500,3000
O0869,2024-06-30,C009,Pranav Mukherjee,Ahmedabad,P003,Headphones,Electronics,1,1500,3500,0.15,2975,1500,1475
O0870,2024-06-30,C006,Suresh Rao,Jaipur,P019,Fiction Novel,Books,1,120,300,0.05,285,120,165
O0871,2024-06-30,C040,Tanvi Patel,Hyderabad,P016,Cooking Oil,Grocery,4,150,250,0.15,850,600,250
O0872,2024-06-30,C017,Ananya Iyer,Bangalore,P011,Sofa,Furniture,1,8000,18000,0.1,16200,8000,8200
O0873,2024-07-01,C069,Roshni Mukherjee,Ahmedabad,P018,Python Book,Books,2,250,600,0,1200,500,700
O0874,2024-07-01,C021,Sunil Chopra,Delhi,P002,Smartphone,Electronics,1,12000,22000,0,22000,12000,10000
O0875,2024-07-01,C012,Sneha Mehta,Kolkata,P020,Business Strategy,Books,4,350,800,0,3200,1400,1800
O0876,2024-07-01,C038,Dhruv Saxena,Chennai,P003,Headphones,Electronics,2,1500,3500,0.05,6650,3000,3650
O0877,2024-07-01,C015,Sai Reddy,Pune,P018,Python Book,Books,3,250,600,0.1,1620,750,870
O0878,2024-07-01,C089,Kavya Mukherjee,Ahmedabad,P011,Sofa,Furniture,1,8000,18000,0,18000,8000,10000
O0879,2024-07-02,C030,Shaurya Verma,Hyderabad,P008,Sneakers,Fashion,2,1000,2800,0.1,5040,2000,3040
O0880,2024-07-02,C027,Manish Yadav,Bangalore,P005,Monitor,Electronics,1,7000,14000,0.1,12600,7000,5600
O0881,2024-07-02,C047,Saanvi Yadav,Bangalore,P008,Sneakers,Fashion,1,1000,2800,0,2800,1000,1800
O0882,2024-07-02,C080,Shaurya Patel,Hyderabad,P011,Sofa,Furniture,1,8000,18000,0.1,16200,8000,8200
O0883,2024-07-02,C025,Navya Mishra,Pune,P005,Monitor,Electronics,1,7000,14000,0.05,13300,7000,6300
O0884,2024-07-03,C059,Pranav Nair,Ahmedabad,P020,Business Strategy,Books,4,350,800,0.1,2880,1400,1480
O0885,2024-07-03,C037,Ishaan Iyer,Bangalore,P014,Bed Frame,Furniture,1,6000,15000,0.15,12750,6000,6750
O0886,2024-07-03,C083,Anushka Bhat,Lucknow,P011,Sofa,Furniture,1,8000,18000,0.15,15300,8000,7300
O0887,2024-07-03,C072,Arjun Mehta,Kolkata,P011,Sofa,Furniture,1,8000,18000,0.15,15300,8000,7300
O0888,2024-07-03,C022,Arjun Singh,Kolkata,P001,Laptop,Electronics,1,25000,45000,0,45000,25000,20000
O0889,2024-07-04,C088,Dhruv Joshi,Chennai,P004,Smartwatch,Electronics,2,3000,6000,0.1,10800,6000,4800
O0890,2024-07-04,C109,Pranav Mukherjee,Ahmedabad,P005,Monitor,Electronics,1,7000,14000,0,14000,7000,7000
O0891,2024-07-04,C081,Kabir Chopra,Delhi,P014,Bed Frame,Furniture,1,6000,15000,0,15000,6000,9000
O0892,2024-07-04,C087,Ishaan Yadav,Bangalore,P005,Monitor,Electronics,1,7000,14000,0.05,13300,7000,6300
O0893,2024-07-04,C089,Kavya Mukherjee,Ahmedabad,P017,Coffee Beans,Grocery,1,300,550,0.1,495,300,195
O0894,2024-07-05,C025,Navya Mishra,Pune,P004,Smartwatch,Electronics,2,3000,6000,0.05,11400,6000,5400
O0895,2024-07-05,C021,Sunil Chopra,Delhi,P007,Jeans,Fashion,2,600,1800,0.1,3240,1200,2040
O0896,2024-07-05,C118,Pooja Saxena,Chennai,P004,Smartwatch,Electronics,2,3000,6000,0,12000,6000,6000
O0897,2024-07-05,C014,Karan Deshmukh,Mumbai,P012,Dining Table,Furniture,1,5000,12000,0.1,10800,5000,5800
O0898,2024-07-05,C046,Isha Rao,Jaipur,P002,Smartphone,Electronics,1,12000,22000,0.15,18700,12000,6700
O0899,2024-07-06,C075,Navya Reddy,Pune,P020,Business Strategy,Books,1,350,800,0.05,760,350,410
O0900,2024-07-06,C014,Karan Deshmukh,Mumbai,P001,Laptop,Electronics,1,25000,45000,0.1,40500,25000,15500
O0901,2024-07-06,C023,Atharv Bhat,Lucknow,P002,Smartphone,Electronics,1,12000,22000,0,22000,12000,10000
O0902,2024-07-06,C109,Pranav Mukherjee,Ahmedabad,P004,Smartwatch,Electronics,2,3000,6000,0.05,11400,6000,5400
O0903,2024-07-06,C092,Vikram Mehta,Kolkata,P014,Bed Frame,Furniture,1,6000,15000,0.15,12750,6000,6750
O0904,2024-07-07,C089,Kavya Mukherjee,Ahmedabad,P010,Saree,Fashion,2,900,2800,0,5600,1800,3800
O0905,2024-07-07,C012,Sneha Mehta,Kolkata,P005,Monitor,Electronics,1,7000,14000,0.1,12600,7000,5600
O0906,2024-07-07,C038,Dhruv Saxena,Chennai,P009,Jacket,Fashion,2,1200,3500,0,7000,2400,4600
O0907,2024-07-07,C073,Atharv Gupta,Lucknow,P002,Smartphone,Electronics,1,12000,22000,0.1,19800,12000,7800
O0908,2024-07-07,C022,Arjun Singh,Kolkata,P005,Monitor,Electronics,1,7000,14000,0.1,12600,7000,5600
O0909,2024-07-08,C057,Deepak Iyer,Bangalore,P004,Smartwatch,Electronics,1,3000,6000,0,6000,3000,3000
O0910,2024-07-08,C096,Isha Pandey,Jaipur,P014,Bed Frame,Furniture,1,6000,15000,0,15000,6000,9000
O0911,2024-07-08,C061,Priya Chopra,Delhi,P008,Sneakers,Fashion,1,1000,2800,0,2800,1000,1800
O0912,2024-07-08,C020,Rahul Patel,Hyderabad,P005,Monitor,Electronics,1,7000,14000,0,14000,7000,7000
O0913,2024-07-08,C012,Sneha Mehta,Kolkata,P018,Python Book,Books,1,250,600,0,600,250,350
O0914,2024-07-09,C004,Riya Kumar,Mumbai,P001,Laptop,Electronics,1,25000,45000,0,45000,25000,20000
O0915,2024-07-09,C105,Deepika Mishra,Pune,P011,Sofa,Furniture,1,8000,18000,0.15,15300,8000,7300
O0916,2024-07-09,C072,Arjun Mehta,Kolkata,P009,Jacket,Fashion,2,1200,3500,0,7000,2400,4600
O0917,2024-07-09,C037,Ishaan Iyer,Bangalore,P016,Cooking Oil,Grocery,4,150,250,0,1000,600,400
O0918,2024-07-09,C059,Pranav Nair,Ahmedabad,P013,Office Chair,Furniture,1,2500,5500,0.05,5225,2500,2725
O0919,2024-07-10,C002,Advaith Singh,Kolkata,P001,Laptop,Electronics,1,25000,45000,0.1,40500,25000,15500
O0920,2024-07-10,C002,Advaith Singh,Kolkata,P004,Smartwatch,Electronics,2,3000,6000,0.05,11400,6000,5400
O0921,2024-07-10,C031,Kabir Sharma,Delhi,P004,Smartwatch,Electronics,2,3000,6000,0.05,11400,6000,5400
O0922,2024-07-10,C103,Gauri Bhat,Lucknow,P003,Headphones,Electronics,1,1500,3500,0.1,3150,1500,1650
O0923,2024-07-10,C104,Riya Kumar,Mumbai,P003,Headphones,Electronics,2,1500,3500,0.15,5950,3000,2950
O0924,2024-07-11,C053,Gauri Gupta,Lucknow,P009,Jacket,Fashion,2,1200,3500,0.1,6300,2400,3900
O0925,2024-07-11,C074,Rithvik Deshmukh,Mumbai,P014,Bed Frame,Furniture,1,6000,15000,0,15000,6000,9000
O0926,2024-07-11,C064,Karan Kumar,Mumbai,P010,Saree,Fashion,1,900,2800,0.1,2520,900,1620
O0927,2024-07-11,C015,Sai Reddy,Pune,P006,T-Shirt,Fashion,3,200,600,0.15,1530,600,930
O0928,2024-07-11,C070,Rahul Verma,Hyderabad,P016,Cooking Oil,Grocery,1,150,250,0,250,150,100
O0929,2024-07-12,C006,Suresh Rao,Jaipur,P016,Cooking Oil,Grocery,3,150,250,0.1,675,450,225
O0930,2024-07-12,C059,Pranav Nair,Ahmedabad,P019,Fiction Novel,Books,3,120,300,0.15,765,360,405
O0931,2024-07-12,C086,Aditya Rao,Jaipur,P003,Headphones,Electronics,1,1500,3500,0,3500,1500,2000
O0932,2024-07-12,C075,Navya Reddy,Pune,P002,Smartphone,Electronics,1,12000,22000,0,22000,12000,10000
O0933,2024-07-12,C079,Vihaan Nair,Ahmedabad,P005,Monitor,Electronics,1,7000,14000,0.1,12600,7000,5600
O0934,2024-07-13,C018,Pooja Saxena,Chennai,P011,Sofa,Furniture,1,8000,18000,0,18000,8000,10000
O0935,2024-07-13,C043,Vivaan Bhat,Lucknow,P018,Python Book,Books,1,250,600,0,600,250,350
O0936,2024-07-13,C102,Advaith Singh,Kolkata,P005,Monitor,Electronics,1,7000,14000,0,14000,7000,7000
O0937,2024-07-13,C120,Rahul Patel,Hyderabad,P016,Cooking Oil,Grocery,2,150,250,0,500,300,200
O0938,2024-07-13,C010,Diya Verma,Hyderabad,P003,Headphones,Electronics,2,1500,3500,0.05,6650,3000,3650
O0939,2024-07-14,C008,Reyansh Joshi,Chennai,P006,T-Shirt,Fashion,1,200,600,0.1,540,200,340
O0940,2024-07-14,C094,Krishna Deshmukh,Mumbai,P011,Sofa,Furniture,1,8000,18000,0,18000,8000,10000
O0941,2024-07-14,C003,Gauri Bhat,Lucknow,P001,Laptop,Electronics,1,25000,45000,0,45000,25000,20000
O0942,2024-07-14,C118,Pooja Saxena,Chennai,P017,Coffee Beans,Grocery,4,300,550,0.05,2090,1200,890
O0943,2024-07-14,C103,Gauri Bhat,Lucknow,P006,T-Shirt,Fashion,1,200,600,0.1,540,200,340
O0944,2024-07-15,C029,Vihaan Mukherjee,Ahmedabad,P020,Business Strategy,Books,4,350,800,0.1,2880,1400,1480
O0945,2024-07-15,C004,Riya Kumar,Mumbai,P006,T-Shirt,Fashion,4,200,600,0,2400,800,1600
O0946,2024-07-15,C119,Roshni Nair,Ahmedabad,P011,Sofa,Furniture,1,8000,18000,0.05,17100,8000,9100
O0947,2024-07-15,C004,Riya Kumar,Mumbai,P019,Fiction Novel,Books,2,120,300,0.1,540,240,300
O0948,2024-07-15,C008,Reyansh Joshi,Chennai,P003,Headphones,Electronics,1,1500,3500,0,3500,1500,2000
O0949,2024-07-16,C069,Roshni Mukherjee,Ahmedabad,P011,Sofa,Furniture,1,8000,18000,0.15,15300,8000,7300
O0950,2024-07-16,C067,Ananya Yadav,Bangalore,P013,Office Chair,Furniture,1,2500,5500,0.15,4675,2500,2175
O0951,2024-07-16,C017,Ananya Iyer,Bangalore,P002,Smartphone,Electronics,1,12000,22000,0,22000,12000,10000
O0952,2024-07-16,C088,Dhruv Joshi,Chennai,P016,Cooking Oil,Grocery,3,150,250,0.1,675,450,225
O0953,2024-07-16,C028,Sanjay Joshi,Chennai,P017,Coffee Beans,Grocery,2,300,550,0.15,935,600,335
O0954,2024-07-16,C023,Atharv Bhat,Lucknow,P016,Cooking Oil,Grocery,2,150,250,0.05,475,300,175
O0955,2024-07-17,C079,Vihaan Nair,Ahmedabad,P001,Laptop,Electronics,1,25000,45000,0,45000,25000,20000
O0956,2024-07-17,C012,Sneha Mehta,Kolkata,P002,Smartphone,Electronics,1,12000,22000,0,22000,12000,10000
O0957,2024-07-17,C101,Ayaan Chopra,Delhi,P007,Jeans,Fashion,1,600,1800,0,1800,600,1200
O0958,2024-07-17,C002,Advaith Singh,Kolkata,P013,Office Chair,Furniture,1,2500,5500,0.05,5225,2500,2725
O0959,2024-07-17,C019,Roshni Nair,Ahmedabad,P002,Smartphone,Electronics,1,12000,22000,0,22000,12000,10000
O0960,2024-07-18,C048,Neha Joshi,Chennai,P010,Saree,Fashion,2,900,2800,0,5600,1800,3800
O0961,2024-07-18,C024,Rithvik Kumar,Mumbai,P012,Dining Table,Furniture,1,5000,12000,0,12000,5000,7000
O0962,2024-07-18,C028,Sanjay Joshi,Chennai,P001,Laptop,Electronics,1,25000,45000,0.05,42750,25000,17750
O0963,2024-07-18,C012,Sneha Mehta,Kolkata,P014,Bed Frame,Furniture,1,6000,15000,0,15000,6000,9000
O0964,2024-07-18,C002,Advaith Singh,Kolkata,P005,Monitor,Electronics,1,7000,14000,0.1,12600,7000,5600
O0965,2024-07-19,C035,Rajesh Reddy,Pune,P019,Fiction Novel,Books,2,120,300,0,600,240,360
O0966,2024-07-19,C030,Shaurya Verma,Hyderabad,P003,Headphones,Electronics,2,1500,3500,0,7000,3000,4000
O0967,2024-07-19,C006,Suresh Rao,Jaipur,P002,Smartphone,Electronics,1,12000,22000,0.05,20900,12000,8900
O0968,2024-07-19,C024,Rithvik Kumar,Mumbai,P019,Fiction Novel,Books,3,120,300,0.1,810,360,450
O0969,2024-07-19,C014,Karan Deshmukh,Mumbai,P011,Sofa,Furniture,1,8000,18000,0,18000,8000,10000
O0970,2024-07-20,C046,Isha Rao,Jaipur,P011,Sofa,Furniture,1,8000,18000,0.05,17100,8000,9100
O0971,2024-07-20,C003,Gauri Bhat,Lucknow,P006,T-Shirt,Fashion,3,200,600,0.15,1530,600,930
O0972,2024-07-20,C087,Ishaan Yadav,Bangalore,P004,Smartwatch,Electronics,2,3000,6000,0.1,10800,6000,4800
O0973,2024-07-20,C009,Pranav Mukherjee,Ahmedabad,P013,Office Chair,Furniture,1,2500,5500,0.05,5225,2500,2725
O0974,2024-07-20,C015,Sai Reddy,Pune,P001,Laptop,Electronics,1,25000,45000,0,45000,25000,20000
O0975,2024-07-21,C005,Deepika Mishra,Pune,P005,Monitor,Electronics,1,7000,14000,0.1,12600,7000,5600
O0976,2024-07-21,C105,Deepika Mishra,Pune,P015,Rice 5kg,Grocery,3,200,350,0.05,998,600,398
O0977,2024-07-21,C105,Deepika Mishra,Pune,P006,T-Shirt,Fashion,3,200,600,0,1800,600,1200
O0978,2024-07-21,C062,Sneha Singh,Kolkata,P018,Python Book,Books,3,250,600,0.05,1710,750,960
O0979,2024-07-21,C003,Gauri Bhat,Lucknow,P014,Bed Frame,Furniture,1,6000,15000,0.05,14250,6000,8250
O0980,2024-07-22,C074,Rithvik Deshmukh,Mumbai,P003,Headphones,Electronics,1,1500,3500,0.15,2975,1500,1475
O0981,2024-07-22,C120,Rahul Patel,Hyderabad,P008,Sneakers,Fashion,1,1000,2800,0,2800,1000,1800
O0982,2024-07-22,C032,Khushi Mehta,Kolkata,P011,Sofa,Furniture,1,8000,18000,0,18000,8000,10000
O0983,2024-07-22,C042,Vikram Singh,Kolkata,P011,Sofa,Furniture,1,8000,18000,0.15,15300,8000,7300
O0984,2024-07-22,C037,Ishaan Iyer,Bangalore,P007,Jeans,Fashion,2,600,1800,0,3600,1200,2400
O0985,2024-07-23,C111,Priya Sharma,Delhi,P001,Laptop,Electronics,1,25000,45000,0,45000,25000,20000
O0986,2024-07-23,C085,Rajesh Mishra,Pune,P005,Monitor,Electronics,1,7000,14000,0,14000,7000,7000
O0987,2024-07-23,C103,Gauri Bhat,Lucknow,P007,Jeans,Fashion,1,600,1800,0.05,1710,600,1110
O0988,2024-07-23,C104,Riya Kumar,Mumbai,P006,T-Shirt,Fashion,4,200,600,0.15,2040,800,1240
O0989,2024-07-23,C004,Riya Kumar,Mumbai,P001,Laptop,Electronics,1,25000,45000,0.05,42750,25000,17750
O0990,2024-07-24,C061,Priya Chopra,Delhi,P010,Saree,Fashion,1,900,2800,0,2800,900,1900
O0991,2024-07-24,C081,Kabir Chopra,Delhi,P008,Sneakers,Fashion,1,1000,2800,0.05,2660,1000,1660
O0992,2024-07-24,C065,Sai Mishra,Pune,P013,Office Chair,Furniture,2,2500,5500,0,11000,5000,6000
O0993,2024-07-24,C094,Krishna Deshmukh,Mumbai,P005,Monitor,Electronics,1,7000,14000,0,14000,7000,7000
O0994,2024-07-24,C074,Rithvik Deshmukh,Mumbai,P006,T-Shirt,Fashion,1,200,600,0.1,540,200,340
O0995,2024-07-25,C103,Gauri Bhat,Lucknow,P009,Jacket,Fashion,2,1200,3500,0,7000,2400,4600
O0996,2024-07-25,C045,Aaryan Mishra,Pune,P012,Dining Table,Furniture,1,5000,12000,0.1,10800,5000,5800
O0997,2024-07-25,C002,Advaith Singh,Kolkata,P008,Sneakers,Fashion,1,1000,2800,0.1,2520,1000,1520
O0998,2024-07-25,C103,Gauri Bhat,Lucknow,P005,Monitor,Electronics,1,7000,14000,0.15,11900,7000,4900
O0999,2024-07-25,C019,Roshni Nair,Ahmedabad,P003,Headphones,Electronics,2,1500,3500,0.05,6650,3000,3650
O1000,2024-07-26,C026,Meera Rao,Jaipur,P013,Office Chair,Furniture,1,2500,5500,0.05,5225,2500,2725
O1001,2024-07-26,C001,Ayaan Chopra,Delhi,P008,Sneakers,Fashion,2,1000,2800,0.15,4760,2000,2760
O1002,2024-07-26,C004,Riya Kumar,Mumbai,P013,Office Chair,Furniture,1,2500,5500,0.05,5225,2500,2725
O1003,2024-07-26,C018,Pooja Saxena,Chennai,P008,Sneakers,Fashion,2,1000,2800,0.05,5320,2000,3320
O1004,2024-07-26,C028,Sanjay Joshi,Chennai,P001,Laptop,Electronics,1,25000,45000,0.1,40500,25000,15500
O1005,2024-07-27,C100,Aarav Patel,Hyderabad,P013,Office Chair,Furniture,2,2500,5500,0.05,10450,5000,5450
O1006,2024-07-27,C089,Kavya Mukherjee,Ahmedabad,P005,Monitor,Electronics,1,7000,14000,0,14000,7000,7000
O1007,2024-07-27,C050,Aarav Verma,Hyderabad,P010,Saree,Fashion,1,900,2800,0,2800,900,1900
O1008,2024-07-27,C084,Swati Kumar,Mumbai,P004,Smartwatch,Electronics,2,3000,6000,0.1,10800,6000,4800
O1009,2024-07-27,C052,Advaith Mehta,Kolkata,P014,Bed Frame,Furniture,1,6000,15000,0,15000,6000,9000
O1010,2024-07-28,C115,Sai Reddy,Pune,P001,Laptop,Electronics,1,25000,45000,0.1,40500,25000,15500
O1011,2024-07-28,C018,Pooja Saxena,Chennai,P013,Office Chair,Furniture,1,2500,5500,0.15,4675,2500,2175
O1012,2024-07-28,C113,Rohit Gupta,Lucknow,P007,Jeans,Fashion,1,600,1800,0,1800,600,1200
O1013,2024-07-28,C010,Diya Verma,Hyderabad,P001,Laptop,Electronics,1,25000,45000,0,45000,25000,20000
O1014,2024-07-28,C047,Saanvi Yadav,Bangalore,P018,Python Book,Books,2,250,600,0.15,1020,500,520
O1015,2024-07-29,C117,Ananya Iyer,Bangalore,P013,Office Chair,Furniture,2,2500,5500,0.05,10450,5000,5450
O1016,2024-07-29,C030,Shaurya Verma,Hyderabad,P019,Fiction Novel,Books,3,120,300,0,900,360,540
O1017,2024-07-29,C007,Deepak Yadav,Bangalore,P004,Smartwatch,Electronics,1,3000,6000,0.05,5700,3000,2700
O1018,2024-07-29,C114,Karan Deshmukh,Mumbai,P003,Headphones,Electronics,2,1500,3500,0.1,6300,3000,3300
O1019,2024-07-29,C024,Rithvik Kumar,Mumbai,P004,Smartwatch,Electronics,1,3000,6000,0,6000,3000,3000
O1020,2024-07-30,C094,Krishna Deshmukh,Mumbai,P001,Laptop,Electronics,1,25000,45000,0.1,40500,25000,15500
O1021,2024-07-30,C022,Arjun Singh,Kolkata,P011,Sofa,Furniture,1,8000,18000,0.05,17100,8000,9100
O1022,2024-07-30,C001,Ayaan Chopra,Delhi,P004,Smartwatch,Electronics,2,3000,6000,0.1,10800,6000,4800
O1023,2024-07-30,C093,Vivaan Gupta,Lucknow,P014,Bed Frame,Furniture,1,6000,15000,0,15000,6000,9000
O1024,2024-07-30,C041,Lakshmi Chopra,Delhi,P009,Jacket,Fashion,1,1200,3500,0.05,3325,1200,2125
O1025,2024-07-31,C016,Advik Pandey,Jaipur,P002,Smartphone,Electronics,1,12000,22000,0.05,20900,12000,8900
O1026,2024-07-31,C115,Sai Reddy,Pune,P005,Monitor,Electronics,1,7000,14000,0.1,12600,7000,5600
O1027,2024-07-31,C082,Khushi Singh,Kolkata,P019,Fiction Novel,Books,1,120,300,0.05,285,120,165
O1028,2024-07-31,C095,Aaryan Reddy,Pune,P010,Saree,Fashion,1,900,2800,0.05,2660,900,1760
O1029,2024-07-31,C025,Navya Mishra,Pune,P009,Jacket,Fashion,2,1200,3500,0,7000,2400,4600
O1030,2024-08-01,C017,Ananya Iyer,Bangalore,P005,Monitor,Electronics,1,7000,14000,0.05,13300,7000,6300
O1031,2024-08-01,C014,Karan Deshmukh,Mumbai,P012,Dining Table,Furniture,1,5000,12000,0,12000,5000,7000
O1032,2024-08-01,C010,Diya Verma,Hyderabad,P011,Sofa,Furniture,1,8000,18000,0.05,17100,8000,9100
O1033,2024-08-01,C098,Neha Saxena,Chennai,P013,Office Chair,Furniture,1,2500,5500,0,5500,2500,3000
O1034,2024-08-01,C020,Rahul Patel,Hyderabad,P011,Sofa,Furniture,1,8000,18000,0.15,15300,8000,7300
O1035,2024-08-01,C106,Suresh Rao,Jaipur,P002,Smartphone,Electronics,1,12000,22000,0,22000,12000,10000
O1036,2024-08-02,C011,Priya Sharma,Delhi,P005,Monitor,Electronics,1,7000,14000,0.1,12600,7000,5600
O1037,2024-08-02,C025,Navya Mishra,Pune,P012,Dining Table,Furniture,1,5000,12000,0.15,10200,5000,5200
O1038,2024-08-02,C012,Sneha Mehta,Kolkata,P002,Smartphone,Electronics,1,12000,22000,0.1,19800,12000,7800
O1039,2024-08-02,C002,Advaith Singh,Kolkata,P014,Bed Frame,Furniture,1,6000,15000,0,15000,6000,9000
O1040,2024-08-02,C007,Deepak Yadav,Bangalore,P008,Sneakers,Fashion,2,1000,2800,0.05,5320,2000,3320
O1041,2024-08-03,C030,Shaurya Verma,Hyderabad,P014,Bed Frame,Furniture,1,6000,15000,0,15000,6000,9000
O1042,2024-08-03,C072,Arjun Mehta,Kolkata,P009,Jacket,Fashion,2,1200,3500,0.1,6300,2400,3900
O1043,2024-08-03,C043,Vivaan Bhat,Lucknow,P009,Jacket,Fashion,2,1200,3500,0.15,5950,2400,3550
O1044,2024-08-03,C057,Deepak Iyer,Bangalore,P005,Monitor,Electronics,1,7000,14000,0,14000,7000,7000
O1045,2024-08-03,C074,Rithvik Deshmukh,Mumbai,P008,Sneakers,Fashion,1,1000,2800,0.15,2380,1000,1380
O1046,2024-08-04,C042,Vikram Singh,Kolkata,P005,Monitor,Electronics,1,7000,14000,0.1,12600,7000,5600
O1047,2024-08-04,C101,Ayaan Chopra,Delhi,P003,Headphones,Electronics,1,1500,3500,0,3500,1500,2000
O1048,2024-08-04,C012,Sneha Mehta,Kolkata,P019,Fiction Novel,Books,1,120,300,0.15,255,120,135
O1049,2024-08-04,C003,Gauri Bhat,Lucknow,P006,T-Shirt,Fashion,1,200,600,0.05,570,200,370
O1050,2024-08-04,C110,Diya Verma,Hyderabad,P015,Rice 5kg,Grocery,4,200,350,0,1400,800,600
O1051,2024-08-05,C010,Diya Verma,Hyderabad,P016,Cooking Oil,Grocery,2,150,250,0.05,475,300,175
O1052,2024-08-05,C017,Ananya Iyer,Bangalore,P005,Monitor,Electronics,1,7000,14000,0,14000,7000,7000
O1053,2024-08-05,C001,Ayaan Chopra,Delhi,P009,Jacket,Fashion,2,1200,3500,0.1,6300,2400,3900
O1054,2024-08-05,C006,Suresh Rao,Jaipur,P005,Monitor,Electronics,1,7000,14000,0,14000,7000,7000
O1055,2024-08-05,C114,Karan Deshmukh,Mumbai,P001,Laptop,Electronics,1,25000,45000,0,45000,25000,20000
O1056,2024-08-06,C049,Amit Mukherjee,Ahmedabad,P005,Monitor,Electronics,1,7000,14000,0.15,11900,7000,4900
O1057,2024-08-06,C017,Ananya Iyer,Bangalore,P002,Smartphone,Electronics,1,12000,22000,0,22000,12000,10000
O1058,2024-08-06,C115,Sai Reddy,Pune,P007,Jeans,Fashion,1,600,1800,0.15,1530,600,930
O1059,2024-08-06,C061,Priya Chopra,Delhi,P002,Smartphone,Electronics,1,12000,22000,0.05,20900,12000,8900
O1060,2024-08-06,C090,Tanvi Verma,Hyderabad,P007,Jeans,Fashion,2,600,1800,0,3600,1200,2400
O1061,2024-08-07,C110,Diya Verma,Hyderabad,P012,Dining Table,Furniture,1,5000,12000,0.05,11400,5000,6400
O1062,2024-08-07,C019,Roshni Nair,Ahmedabad,P020,Business Strategy,Books,3,350,800,0,2400,1050,1350
O1063,2024-08-07,C014,Karan Deshmukh,Mumbai,P015,Rice 5kg,Grocery,3,200,350,0.05,998,600,398
O1064,2024-08-07,C017,Ananya Iyer,Bangalore,P002,Smartphone,Electronics,1,12000,22000,0.1,19800,12000,7800
O1065,2024-08-07,C054,Riya Deshmukh,Mumbai,P011,Sofa,Furniture,1,8000,18000,0.1,16200,8000,8200
O1066,2024-08-08,C001,Ayaan Chopra,Delhi,P011,Sofa,Furniture,1,8000,18000,0.1,16200,8000,8200
O1067,2024-08-08,C036,Aditya Pandey,Jaipur,P017,Coffee Beans,Grocery,2,300,550,0.1,990,600,390
O1068,2024-08-08,C005,Deepika Mishra,Pune,P008,Sneakers,Fashion,1,1000,2800,0,2800,1000,1800
O1069,2024-08-08,C058,Reyansh Saxena,Chennai,P010,Saree,Fashion,2,900,2800,0.05,5320,1800,3520
O1070,2024-08-08,C057,Deepak Iyer,Bangalore,P003,Headphones,Electronics,2,1500,3500,0,7000,3000,4000
O1071,2024-08-09,C056,Suresh Pandey,Jaipur,P008,Sneakers,Fashion,2,1000,2800,0,5600,2000,3600
O1072,2024-08-09,C076,Meera Pandey,Jaipur,P001,Laptop,Electronics,1,25000,45000,0,45000,25000,20000
O1073,2024-08-09,C023,Atharv Bhat,Lucknow,P008,Sneakers,Fashion,1,1000,2800,0,2800,1000,1800
O1074,2024-08-09,C029,Vihaan Mukherjee,Ahmedabad,P009,Jacket,Fashion,1,1200,3500,0,3500,1200,2300
O1075,2024-08-09,C008,Reyansh Joshi,Chennai,P017,Coffee Beans,Grocery,2,300,550,0.1,990,600,390
O1076,2024-08-10,C120,Rahul Patel,Hyderabad,P020,Business Strategy,Books,3,350,800,0.1,2160,1050,1110
O1077,2024-08-10,C054,Riya Deshmukh,Mumbai,P008,Sneakers,Fashion,1,1000,2800,0.05,2660,1000,1660
O1078,2024-08-10,C025,Navya Mishra,Pune,P002,Smartphone,Electronics,1,12000,22000,0.05,20900,12000,8900
O1079,2024-08-10,C012,Sneha Mehta,Kolkata,P017,Coffee Beans,Grocery,4,300,550,0.15,1870,1200,670
O1080,2024-08-10,C025,Navya Mishra,Pune,P010,Saree,Fashion,1,900,2800,0.1,2520,900,1620
O1081,2024-08-11,C026,Meera Rao,Jaipur,P011,Sofa,Furniture,1,8000,18000,0.1,16200,8000,8200
O1082,2024-08-11,C051,Ayaan Sharma,Delhi,P020,Business Strategy,Books,4,350,800,0.15,2720,1400,1320
O1083,2024-08-11,C009,Pranav Mukherjee,Ahmedabad,P005,Monitor,Electronics,1,7000,14000,0.15,11900,7000,4900
O1084,2024-08-11,C105,Deepika Mishra,Pune,P017,Coffee Beans,Grocery,1,300,550,0,550,300,250
O1085,2024-08-11,C011,Priya Sharma,Delhi,P012,Dining Table,Furniture,1,5000,12000,0.1,10800,5000,5800
O1086,2024-08-12,C115,Sai Reddy,Pune,P012,Dining Table,Furniture,1,5000,12000,0,12000,5000,7000
O1087,2024-08-12,C019,Roshni Nair,Ahmedabad,P011,Sofa,Furniture,1,8000,18000,0,18000,8000,10000
O1088,2024-08-12,C064,Karan Kumar,Mumbai,P018,Python Book,Books,2,250,600,0.1,1080,500,580
O1089,2024-08-12,C058,Reyansh Saxena,Chennai,P009,Jacket,Fashion,2,1200,3500,0.05,6650,2400,4250
O1090,2024-08-12,C096,Isha Pandey,Jaipur,P014,Bed Frame,Furniture,1,6000,15000,0.05,14250,6000,8250
O1091,2024-08-13,C024,Rithvik Kumar,Mumbai,P017,Coffee Beans,Grocery,2,300,550,0,1100,600,500
O1092,2024-08-13,C077,Manish Iyer,Bangalore,P003,Headphones,Electronics,1,1500,3500,0.1,3150,1500,1650
O1093,2024-08-13,C080,Shaurya Patel,Hyderabad,P002,Smartphone,Electronics,1,12000,22000,0,22000,12000,10000
O1094,2024-08-13,C093,Vivaan Gupta,Lucknow,P011,Sofa,Furniture,1,8000,18000,0,18000,8000,10000
O1095,2024-08-13,C074,Rithvik Deshmukh,Mumbai,P014,Bed Frame,Furniture,1,6000,15000,0.1,13500,6000,7500
O1096,2024-08-14,C004,Riya Kumar,Mumbai,P008,Sneakers,Fashion,2,1000,2800,0,5600,2000,3600
O1097,2024-08-14,C111,Priya Sharma,Delhi,P005,Monitor,Electronics,1,7000,14000,0.1,12600,7000,5600
O1098,2024-08-14,C026,Meera Rao,Jaipur,P012,Dining Table,Furniture,1,5000,12000,0.05,11400,5000,6400
O1099,2024-08-14,C099,Amit Nair,Ahmedabad,P009,Jacket,Fashion,2,1200,3500,0,7000,2400,4600
O1100,2024-08-14,C022,Arjun Singh,Kolkata,P014,Bed Frame,Furniture,1,6000,15000,0,15000,6000,9000
O1101,2024-08-15,C035,Rajesh Reddy,Pune,P013,Office Chair,Furniture,1,2500,5500,0.15,4675,2500,2175
O1102,2024-08-15,C023,Atharv Bhat,Lucknow,P007,Jeans,Fashion,1,600,1800,0.05,1710,600,1110
O1103,2024-08-15,C022,Arjun Singh,Kolkata,P014,Bed Frame,Furniture,1,6000,15000,0,15000,6000,9000
O1104,2024-08-15,C056,Suresh Pandey,Jaipur,P013,Office Chair,Furniture,2,2500,5500,0,11000,5000,6000
O1105,2024-08-15,C023,Atharv Bhat,Lucknow,P006,T-Shirt,Fashion,3,200,600,0.1,1620,600,1020
O1106,2024-08-16,C017,Ananya Iyer,Bangalore,P002,Smartphone,Electronics,1,12000,22000,0,22000,12000,10000
O1107,2024-08-16,C014,Karan Deshmukh,Mumbai,P003,Headphones,Electronics,2,1500,3500,0,7000,3000,4000
O1108,2024-08-16,C110,Diya Verma,Hyderabad,P013,Office Chair,Furniture,1,2500,5500,0.15,4675,2500,2175
O1109,2024-08-16,C022,Arjun Singh,Kolkata,P005,Monitor,Electronics,1,7000,14000,0.1,12600,7000,5600
O1110,2024-08-16,C037,Ishaan Iyer,Bangalore,P013,Office Chair,Furniture,2,2500,5500,0.05,10450,5000,5450
O1111,2024-08-17,C057,Deepak Iyer,Bangalore,P018,Python Book,Books,2,250,600,0.05,1140,500,640
O1112,2024-08-17,C009,Pranav Mukherjee,Ahmedabad,P013,Office Chair,Furniture,1,2500,5500,0,5500,2500,3000
O1113,2024-08-17,C093,Vivaan Gupta,Lucknow,P011,Sofa,Furniture,1,8000,18000,0.05,17100,8000,9100
O1114,2024-08-17,C021,Sunil Chopra,Delhi,P001,Laptop,Electronics,1,25000,45000,0.05,42750,25000,17750
O1115,2024-08-17,C107,Deepak Yadav,Bangalore,P013,Office Chair,Furniture,2,2500,5500,0,11000,5000,6000
O1116,2024-08-18,C069,Roshni Mukherjee,Ahmedabad,P005,Monitor,Electronics,1,7000,14000,0,14000,7000,7000
O1117,2024-08-18,C056,Suresh Pandey,Jaipur,P020,Business Strategy,Books,3,350,800,0,2400,1050,1350
O1118,2024-08-18,C053,Gauri Gupta,Lucknow,P012,Dining Table,Furniture,1,5000,12000,0.05,11400,5000,6400
O1119,2024-08-18,C012,Sneha Mehta,Kolkata,P014,Bed Frame,Furniture,1,6000,15000,0,15000,6000,9000
O1120,2024-08-18,C084,Swati Kumar,Mumbai,P007,Jeans,Fashion,2,600,1800,0.15,3060,1200,1860
O1121,2024-08-19,C097,Saanvi Iyer,Bangalore,P005,Monitor,Electronics,1,7000,14000,0.05,13300,7000,6300
O1122,2024-08-19,C069,Roshni Mukherjee,Ahmedabad,P009,Jacket,Fashion,2,1200,3500,0,7000,2400,4600
O1123,2024-08-19,C009,Pranav Mukherjee,Ahmedabad,P014,Bed Frame,Furniture,1,6000,15000,0,15000,6000,9000
O1124,2024-08-19,C023,Atharv Bhat,Lucknow,P001,Laptop,Electronics,1,25000,45000,0,45000,25000,20000
O1125,2024-08-19,C008,Reyansh Joshi,Chennai,P013,Office Chair,Furniture,2,2500,5500,0.1,9900,5000,4900
O1126,2024-08-20,C048,Neha Joshi,Chennai,P020,Business Strategy,Books,1,350,800,0,800,350,450
O1127,2024-08-20,C058,Reyansh Saxena,Chennai,P008,Sneakers,Fashion,1,1000,2800,0,2800,1000,1800
O1128,2024-08-20,C030,Shaurya Verma,Hyderabad,P003,Headphones,Electronics,1,1500,3500,0.15,2975,1500,1475
O1129,2024-08-20,C052,Advaith Mehta,Kolkata,P007,Jeans,Fashion,2,600,1800,0,3600,1200,2400
O1130,2024-08-20,C022,Arjun Singh,Kolkata,P013,Office Chair,Furniture,2,2500,5500,0,11000,5000,6000
O1131,2024-08-21,C074,Rithvik Deshmukh,Mumbai,P002,Smartphone,Electronics,1,12000,22000,0,22000,12000,10000
O1132,2024-08-21,C104,Riya Kumar,Mumbai,P012,Dining Table,Furniture,1,5000,12000,0.1,10800,5000,5800
O1133,2024-08-21,C093,Vivaan Gupta,Lucknow,P006,T-Shirt,Fashion,1,200,600,0.05,570,200,370
O1134,2024-08-21,C044,Krishna Kumar,Mumbai,P018,Python Book,Books,3,250,600,0.15,1530,750,780
O1135,2024-08-21,C020,Rahul Patel,Hyderabad,P002,Smartphone,Electronics,1,12000,22000,0,22000,12000,10000
O1136,2024-08-22,C006,Suresh Rao,Jaipur,P015,Rice 5kg,Grocery,2,200,350,0.1,630,400,230
O1137,2024-08-22,C030,Shaurya Verma,Hyderabad,P005,Monitor,Electronics,1,7000,14000,0.1,12600,7000,5600
O1138,2024-08-22,C014,Karan Deshmukh,Mumbai,P004,Smartwatch,Electronics,2,3000,6000,0,12000,6000,6000
O1139,2024-08-22,C051,Ayaan Sharma,Delhi,P014,Bed Frame,Furniture,1,6000,15000,0.05,14250,6000,8250
O1140,2024-08-22,C050,Aarav Verma,Hyderabad,P013,Office Chair,Furniture,2,2500,5500,0.15,9350,5000,4350
O1141,2024-08-23,C019,Roshni Nair,Ahmedabad,P005,Monitor,Electronics,1,7000,14000,0,14000,7000,7000
O1142,2024-08-23,C079,Vihaan Nair,Ahmedabad,P003,Headphones,Electronics,2,1500,3500,0.05,6650,3000,3650
O1143,2024-08-23,C057,Deepak Iyer,Bangalore,P007,Jeans,Fashion,1,600,1800,0.05,1710,600,1110
O1144,2024-08-23,C064,Karan Kumar,Mumbai,P003,Headphones,Electronics,2,1500,3500,0,7000,3000,4000
O1145,2024-08-23,C105,Deepika Mishra,Pune,P013,Office Chair,Furniture,2,2500,5500,0,11000,5000,6000
O1146,2024-08-24,C104,Riya Kumar,Mumbai,P005,Monitor,Electronics,1,7000,14000,0,14000,7000,7000
O1147,2024-08-24,C013,Rohit Gupta,Lucknow,P019,Fiction Novel,Books,4,120,300,0,1200,480,720
O1148,2024-08-24,C053,Gauri Gupta,Lucknow,P005,Monitor,Electronics,1,7000,14000,0.05,13300,7000,6300
O1149,2024-08-24,C067,Ananya Yadav,Bangalore,P018,Python Book,Books,2,250,600,0.05,1140,500,640
O1150,2024-08-24,C070,Rahul Verma,Hyderabad,P001,Laptop,Electronics,1,25000,45000,0.1,40500,25000,15500
O1151,2024-08-25,C021,Sunil Chopra,Delhi,P004,Smartwatch,Electronics,2,3000,6000,0,12000,6000,6000
O1152,2024-08-25,C055,Deepika Reddy,Pune,P005,Monitor,Electronics,1,7000,14000,0,14000,7000,7000
O1153,2024-08-25,C036,Aditya Pandey,Jaipur,P006,T-Shirt,Fashion,4,200,600,0,2400,800,1600
O1154,2024-08-25,C100,Aarav Patel,Hyderabad,P003,Headphones,Electronics,1,1500,3500,0.15,2975,1500,1475
O1155,2024-08-25,C010,Diya Verma,Hyderabad,P003,Headphones,Electronics,2,1500,3500,0.1,6300,3000,3300
O1156,2024-08-26,C066,Advik Rao,Jaipur,P016,Cooking Oil,Grocery,2,150,250,0,500,300,200
O1157,2024-08-26,C011,Priya Sharma,Delhi,P009,Jacket,Fashion,1,1200,3500,0,3500,1200,2300
O1158,2024-08-26,C003,Gauri Bhat,Lucknow,P017,Coffee Beans,Grocery,3,300,550,0.05,1568,900,668
O1159,2024-08-26,C026,Meera Rao,Jaipur,P017,Coffee Beans,Grocery,4,300,550,0,2200,1200,1000
O1160,2024-08-26,C012,Sneha Mehta,Kolkata,P001,Laptop,Electronics,1,25000,45000,0,45000,25000,20000
O1161,2024-08-27,C039,Kavya Nair,Ahmedabad,P008,Sneakers,Fashion,2,1000,2800,0,5600,2000,3600
O1162,2024-08-27,C113,Rohit Gupta,Lucknow,P005,Monitor,Electronics,1,7000,14000,0.15,11900,7000,4900
O1163,2024-08-27,C022,Arjun Singh,Kolkata,P019,Fiction Novel,Books,2,120,300,0,600,240,360
O1164,2024-08-27,C015,Sai Reddy,Pune,P002,Smartphone,Electronics,1,12000,22000,0,22000,12000,10000
O1165,2024-08-27,C024,Rithvik Kumar,Mumbai,P013,Office Chair,Furniture,2,2500,5500,0.1,9900,5000,4900
O1166,2024-08-28,C013,Rohit Gupta,Lucknow,P014,Bed Frame,Furniture,1,6000,15000,0,15000,6000,9000
O1167,2024-08-28,C042,Vikram Singh,Kolkata,P004,Smartwatch,Electronics,2,3000,6000,0.1,10800,6000,4800
O1168,2024-08-28,C035,Rajesh Reddy,Pune,P014,Bed Frame,Furniture,1,6000,15000,0,15000,6000,9000
O1169,2024-08-28,C059,Pranav Nair,Ahmedabad,P004,Smartwatch,Electronics,1,3000,6000,0.05,5700,3000,2700
O1170,2024-08-28,C014,Karan Deshmukh,Mumbai,P001,Laptop,Electronics,1,25000,45000,0.05,42750,25000,17750
O1171,2024-08-29,C043,Vivaan Bhat,Lucknow,P015,Rice 5kg,Grocery,1,200,350,0,350,200,150
O1172,2024-08-29,C018,Pooja Saxena,Chennai,P005,Monitor,Electronics,1,7000,14000,0.1,12600,7000,5600
O1173,2024-08-29,C096,Isha Pandey,Jaipur,P008,Sneakers,Fashion,1,1000,2800,0.1,2520,1000,1520
O1174,2024-08-29,C043,Vivaan Bhat,Lucknow,P012,Dining Table,Furniture,1,5000,12000,0.15,10200,5000,5200
O1175,2024-08-29,C041,Lakshmi Chopra,Delhi,P009,Jacket,Fashion,2,1200,3500,0.1,6300,2400,3900
O1176,2024-08-30,C102,Advaith Singh,Kolkata,P007,Jeans,Fashion,1,600,1800,0.15,1530,600,930
O1177,2024-08-30,C047,Saanvi Yadav,Bangalore,P010,Saree,Fashion,1,900,2800,0.1,2520,900,1620
O1178,2024-08-30,C048,Neha Joshi,Chennai,P003,Headphones,Electronics,1,1500,3500,0.05,3325,1500,1825
O1179,2024-08-30,C115,Sai Reddy,Pune,P005,Monitor,Electronics,1,7000,14000,0,14000,7000,7000
O1180,2024-08-30,C032,Khushi Mehta,Kolkata,P002,Smartphone,Electronics,1,12000,22000,0.15,18700,12000,6700
O1181,2024-08-31,C057,Deepak Iyer,Bangalore,P016,Cooking Oil,Grocery,3,150,250,0,750,450,300
O1182,2024-08-31,C042,Vikram Singh,Kolkata,P006,T-Shirt,Fashion,3,200,600,0,1800,600,1200
O1183,2024-08-31,C101,Ayaan Chopra,Delhi,P013,Office Chair,Furniture,2,2500,5500,0,11000,5000,6000
O1184,2024-08-31,C032,Khushi Mehta,Kolkata,P002,Smartphone,Electronics,1,12000,22000,0,22000,12000,10000
O1185,2024-08-31,C003,Gauri Bhat,Lucknow,P019,Fiction Novel,Books,2,120,300,0,600,240,360
O1186,2024-09-01,C068,Pooja Joshi,Chennai,P018,Python Book,Books,2,250,600,0.15,1020,500,520
O1187,2024-09-01,C016,Advik Pandey,Jaipur,P011,Sofa,Furniture,1,8000,18000,0,18000,8000,10000
O1188,2024-09-01,C019,Roshni Nair,Ahmedabad,P012,Dining Table,Furniture,1,5000,12000,0,12000,5000,7000
O1189,2024-09-01,C042,Vikram Singh,Kolkata,P018,Python Book,Books,2,250,600,0,1200,500,700
O1190,2024-09-01,C039,Kavya Nair,Ahmedabad,P016,Cooking Oil,Grocery,1,150,250,0,250,150,100
O1191,2024-09-02,C105,Deepika Mishra,Pune,P003,Headphones,Electronics,2,1500,3500,0.1,6300,3000,3300
O1192,2024-09-02,C053,Gauri Gupta,Lucknow,P004,Smartwatch,Electronics,2,3000,6000,0.05,11400,6000,5400
O1193,2024-09-02,C009,Pranav Mukherjee,Ahmedabad,P007,Jeans,Fashion,1,600,1800,0,1800,600,1200
O1194,2024-09-02,C065,Sai Mishra,Pune,P009,Jacket,Fashion,1,1200,3500,0,3500,1200,2300
O1195,2024-09-02,C059,Pranav Nair,Ahmedabad,P001,Laptop,Electronics,1,25000,45000,0,45000,25000,20000
O1196,2024-09-03,C104,Riya Kumar,Mumbai,P013,Office Chair,Furniture,1,2500,5500,0.1,4950,2500,2450
O1197,2024-09-03,C100,Aarav Patel,Hyderabad,P011,Sofa,Furniture,1,8000,18000,0.1,16200,8000,8200
O1198,2024-09-03,C076,Meera Pandey,Jaipur,P013,Office Chair,Furniture,1,2500,5500,0.05,5225,2500,2725
O1199,2024-09-03,C085,Rajesh Mishra,Pune,P007,Jeans,Fashion,1,600,1800,0.1,1620,600,1020
O1200,2024-09-03,C108,Reyansh Joshi,Chennai,P008,Sneakers,Fashion,1,1000,2800,0.05,2660,1000,1660
O1201,2024-09-04,C035,Rajesh Reddy,Pune,P012,Dining Table,Furniture,1,5000,12000,0,12000,5000,7000
O1202,2024-09-04,C059,Pranav Nair,Ahmedabad,P020,Business Strategy,Books,2,350,800,0.1,1440,700,740
O1203,2024-09-04,C003,Gauri Bhat,Lucknow,P002,Smartphone,Electronics,1,12000,22000,0.05,20900,12000,8900
O1204,2024-09-04,C056,Suresh Pandey,Jaipur,P008,Sneakers,Fashion,1,1000,2800,0,2800,1000,1800
O1205,2024-09-05,C022,Arjun Singh,Kolkata,P014,Bed Frame,Furniture,1,6000,15000,0.15,12750,6000,6750
O1206,2024-09-05,C008,Reyansh Joshi,Chennai,P006,T-Shirt,Fashion,4,200,600,0.1,2160,800,1360
O1207,2024-09-05,C020,Rahul Patel,Hyderabad,P004,Smartwatch,Electronics,2,3000,6000,0.15,10200,6000,4200
O1208,2024-09-05,C021,Sunil Chopra,Delhi,P019,Fiction Novel,Books,3,120,300,0.1,810,360,450
O1209,2024-09-05,C112,Sneha Mehta,Kolkata,P001,Laptop,Electronics,1,25000,45000,0,45000,25000,20000
O1210,2024-09-06,C118,Pooja Saxena,Chennai,P010,Saree,Fashion,2,900,2800,0.1,5040,1800,3240
O1211,2024-09-06,C070,Rahul Verma,Hyderabad,P014,Bed Frame,Furniture,1,6000,15000,0.05,14250,6000,8250
O1212,2024-09-06,C074,Rithvik Deshmukh,Mumbai,P011,Sofa,Furniture,1,8000,18000,0,18000,8000,10000
O1213,2024-09-06,C111,Priya Sharma,Delhi,P003,Headphones,Electronics,2,1500,3500,0.05,6650,3000,3650
O1214,2024-09-06,C078,Sanjay Saxena,Chennai,P015,Rice 5kg,Grocery,1,200,350,0.1,315,200,115
O1215,2024-09-07,C004,Riya Kumar,Mumbai,P014,Bed Frame,Furniture,1,6000,15000,0,15000,6000,9000
O1216,2024-09-07,C076,Meera Pandey,Jaipur,P002,Smartphone,Electronics,1,12000,22000,0,22000,12000,10000
O1217,2024-09-07,C029,Vihaan Mukherjee,Ahmedabad,P004,Smartwatch,Electronics,1,3000,6000,0.1,5400,3000,2400
O1218,2024-09-07,C068,Pooja Joshi,Chennai,P004,Smartwatch,Electronics,1,3000,6000,0.05,5700,3000,2700
O1219,2024-09-07,C070,Rahul Verma,Hyderabad,P011,Sofa,Furniture,1,8000,18000,0,18000,8000,10000
O1220,2024-09-08,C057,Deepak Iyer,Bangalore,P014,Bed Frame,Furniture,1,6000,15000,0.05,14250,6000,8250
O1221,2024-09-08,C037,Ishaan Iyer,Bangalore,P002,Smartphone,Electronics,1,12000,22000,0.1,19800,12000,7800
O1222,2024-09-08,C024,Rithvik Kumar,Mumbai,P019,Fiction Novel,Books,3,120,300,0,900,360,540
O1223,2024-09-08,C041,Lakshmi Chopra,Delhi,P018,Python Book,Books,4,250,600,0.05,2280,1000,1280
O1224,2024-09-09,C089,Kavya Mukherjee,Ahmedabad,P012,Dining Table,Furniture,1,5000,12000,0,12000,5000,7000
O1225,2024-09-09,C017,Ananya Iyer,Bangalore,P011,Sofa,Furniture,1,8000,18000,0.05,17100,8000,9100
O1226,2024-09-09,C068,Pooja Joshi,Chennai,P011,Sofa,Furniture,1,8000,18000,0,18000,8000,10000
O1227,2024-09-09,C094,Krishna Deshmukh,Mumbai,P001,Laptop,Electronics,1,25000,45000,0,45000,25000,20000
O1228,2024-09-09,C071,Sunil Sharma,Delhi,P013,Office Chair,Furniture,1,2500,5500,0.15,4675,2500,2175
O1229,2024-09-10,C054,Riya Deshmukh,Mumbai,P011,Sofa,Furniture,1,8000,18000,0.05,17100,8000,9100
O1230,2024-09-10,C100,Aarav Patel,Hyderabad,P012,Dining Table,Furniture,1,5000,12000,0.05,11400,5000,6400
O1231,2024-09-10,C041,Lakshmi Chopra,Delhi,P017,Coffee Beans,Grocery,1,300,550,0,550,300,250
O1232,2024-09-10,C009,Pranav Mukherjee,Ahmedabad,P012,Dining Table,Furniture,1,5000,12000,0,12000,5000,7000
O1233,2024-09-10,C047,Saanvi Yadav,Bangalore,P012,Dining Table,Furniture,1,5000,12000,0.15,10200,5000,5200
O1234,2024-09-11,C078,Sanjay Saxena,Chennai,P002,Smartphone,Electronics,1,12000,22000,0,22000,12000,10000
O1235,2024-09-11,C106,Suresh Rao,Jaipur,P012,Dining Table,Furniture,1,5000,12000,0.1,10800,5000,5800
O1236,2024-09-11,C026,Meera Rao,Jaipur,P004,Smartwatch,Electronics,1,3000,6000,0,6000,3000,3000
O1237,2024-09-11,C041,Lakshmi Chopra,Delhi,P011,Sofa,Furniture,1,8000,18000,0.1,16200,8000,8200
O1238,2024-09-11,C001,Ayaan Chopra,Delhi,P005,Monitor,Electronics,1,7000,14000,0.1,12600,7000,5600
O1239,2024-09-12,C084,Swati Kumar,Mumbai,P013,Office Chair,Furniture,2,2500,5500,0.15,9350,5000,4350
O1240,2024-09-12,C112,Sneha Mehta,Kolkata,P013,Office Chair,Furniture,1,2500,5500,0,5500,2500,3000
O1241,2024-09-12,C025,Navya Mishra,Pune,P017,Coffee Beans,Grocery,1,300,550,0.15,468,300,168
O1242,2024-09-12,C028,Sanjay Joshi,Chennai,P012,Dining Table,Furniture,1,5000,12000,0,12000,5000,7000
O1243,2024-09-13,C014,Karan Deshmukh,Mumbai,P002,Smartphone,Electronics,1,12000,22000,0.1,19800,12000,7800
O1244,2024-09-13,C009,Pranav Mukherjee,Ahmedabad,P014,Bed Frame,Furniture,1,6000,15000,0.1,13500,6000,7500
O1245,2024-09-13,C098,Neha Saxena,Chennai,P019,Fiction Novel,Books,1,120,300,0,300,120,180
O1246,2024-09-13,C073,Atharv Gupta,Lucknow,P001,Laptop,Electronics,1,25000,45000,0.05,42750,25000,17750
O1247,2024-09-13,C023,Atharv Bhat,Lucknow,P016,Cooking Oil,Grocery,3,150,250,0.05,713,450,263
O1248,2024-09-14,C064,Karan Kumar,Mumbai,P005,Monitor,Electronics,1,7000,14000,0,14000,7000,7000
O1249,2024-09-14,C025,Navya Mishra,Pune,P001,Laptop,Electronics,1,25000,45000,0,45000,25000,20000
O1250,2024-09-14,C079,Vihaan Nair,Ahmedabad,P010,Saree,Fashion,2,900,2800,0,5600,1800,3800
O1251,2024-09-14,C026,Meera Rao,Jaipur,P002,Smartphone,Electronics,1,12000,22000,0,22000,12000,10000
O1252,2024-09-14,C093,Vivaan Gupta,Lucknow,P016,Cooking Oil,Grocery,2,150,250,0.05,475,300,175
O1253,2024-09-15,C120,Rahul Patel,Hyderabad,P002,Smartphone,Electronics,1,12000,22000,0.15,18700,12000,6700
O1254,2024-09-15,C004,Riya Kumar,Mumbai,P008,Sneakers,Fashion,2,1000,2800,0.15,4760,2000,2760
O1255,2024-09-15,C016,Advik Pandey,Jaipur,P009,Jacket,Fashion,1,1200,3500,0.1,3150,1200,1950
O1256,2024-09-15,C076,Meera Pandey,Jaipur,P001,Laptop,Electronics,1,25000,45000,0.15,38250,25000,13250
O1257,2024-09-16,C114,Karan Deshmukh,Mumbai,P020,Business Strategy,Books,4,350,800,0,3200,1400,1800
O1258,2024-09-16,C029,Vihaan Mukherjee,Ahmedabad,P002,Smartphone,Electronics,1,12000,22000,0.05,20900,12000,8900
O1259,2024-09-16,C084,Swati Kumar,Mumbai,P008,Sneakers,Fashion,2,1000,2800,0,5600,2000,3600
O1260,2024-09-16,C016,Advik Pandey,Jaipur,P003,Headphones,Electronics,2,1500,3500,0,7000,3000,4000
O1261,2024-09-16,C081,Kabir Chopra,Delhi,P006,T-Shirt,Fashion,4,200,600,0,2400,800,1600
O1262,2024-09-17,C025,Navya Mishra,Pune,P006,T-Shirt,Fashion,3,200,600,0,1800,600,1200
O1263,2024-09-17,C046,Isha Rao,Jaipur,P011,Sofa,Furniture,1,8000,18000,0,18000,8000,10000
O1264,2024-09-17,C027,Manish Yadav,Bangalore,P003,Headphones,Electronics,2,1500,3500,0,7000,3000,4000
O1265,2024-09-17,C047,Saanvi Yadav,Bangalore,P017,Coffee Beans,Grocery,3,300,550,0.1,1485,900,585
O1266,2024-09-17,C120,Rahul Patel,Hyderabad,P017,Coffee Beans,Grocery,3,300,550,0,1650,900,750
O1267,2024-09-18,C043,Vivaan Bhat,Lucknow,P011,Sofa,Furniture,1,8000,18000,0,18000,8000,10000
O1268,2024-09-18,C038,Dhruv Saxena,Chennai,P014,Bed Frame,Furniture,1,6000,15000,0.05,14250,6000,8250
O1269,2024-09-18,C018,Pooja Saxena,Chennai,P006,T-Shirt,Fashion,3,200,600,0,1800,600,1200
O1270,2024-09-18,C018,Pooja Saxena,Chennai,P008,Sneakers,Fashion,2,1000,2800,0.05,5320,2000,3320
O1271,2024-09-18,C083,Anushka Bhat,Lucknow,P013,Office Chair,Furniture,2,2500,5500,0.05,10450,5000,5450
O1272,2024-09-19,C065,Sai Mishra,Pune,P012,Dining Table,Furniture,1,5000,12000,0.15,10200,5000,5200
O1273,2024-09-19,C013,Rohit Gupta,Lucknow,P005,Monitor,Electronics,1,7000,14000,0.05,13300,7000,6300
O1274,2024-09-19,C085,Rajesh Mishra,Pune,P006,T-Shirt,Fashion,4,200,600,0.1,2160,800,1360
O1275,2024-09-19,C035,Rajesh Reddy,Pune,P008,Sneakers,Fashion,1,1000,2800,0,2800,1000,1800
O1276,2024-09-20,C035,Rajesh Reddy,Pune,P009,Jacket,Fashion,2,1200,3500,0.05,6650,2400,4250
O1277,2024-09-20,C098,Neha Saxena,Chennai,P001,Laptop,Electronics,1,25000,45000,0,45000,25000,20000
O1278,2024-09-20,C034,Swati Deshmukh,Mumbai,P010,Saree,Fashion,1,900,2800,0.05,2660,900,1760
O1279,2024-09-20,C017,Ananya Iyer,Bangalore,P005,Monitor,Electronics,1,7000,14000,0,14000,7000,7000
O1280,2024-09-20,C054,Riya Deshmukh,Mumbai,P008,Sneakers,Fashion,1,1000,2800,0,2800,1000,1800
O1281,2024-09-21,C016,Advik Pandey,Jaipur,P007,Jeans,Fashion,1,600,1800,0.1,1620,600,1020
O1282,2024-09-21,C003,Gauri Bhat,Lucknow,P020,Business Strategy,Books,1,350,800,0,800,350,450
O1283,2024-09-21,C007,Deepak Yadav,Bangalore,P013,Office Chair,Furniture,1,2500,5500,0,5500,2500,3000
O1284,2024-09-21,C011,Priya Sharma,Delhi,P004,Smartwatch,Electronics,1,3000,6000,0,6000,3000,3000
O1285,2024-09-21,C084,Swati Kumar,Mumbai,P004,Smartwatch,Electronics,1,3000,6000,0.05,5700,3000,2700
O1286,2024-09-22,C091,Lakshmi Sharma,Delhi,P004,Smartwatch,Electronics,1,3000,6000,0.15,5100,3000,2100
O1287,2024-09-22,C004,Riya Kumar,Mumbai,P011,Sofa,Furniture,1,8000,18000,0,18000,8000,10000
O1288,2024-09-22,C112,Sneha Mehta,Kolkata,P011,Sofa,Furniture,1,8000,18000,0,18000,8000,10000
O1289,2024-09-22,C110,Diya Verma,Hyderabad,P013,Office Chair,Furniture,1,2500,5500,0.1,4950,2500,2450
O1290,2024-09-22,C018,Pooja Saxena,Chennai,P004,Smartwatch,Electronics,2,3000,6000,0.05,11400,6000,5400
O1291,2024-09-23,C098,Neha Saxena,Chennai,P018,Python Book,Books,1,250,600,0.15,510,250,260
O1292,2024-09-23,C112,Sneha Mehta,Kolkata,P002,Smartphone,Electronics,1,12000,22000,0.1,19800,12000,7800
O1293,2024-09-23,C089,Kavya Mukherjee,Ahmedabad,P001,Laptop,Electronics,1,25000,45000,0,45000,25000,20000
O1294,2024-09-23,C017,Ananya Iyer,Bangalore,P008,Sneakers,Fashion,1,1000,2800,0.1,2520,1000,1520
O1295,2024-09-24,C106,Suresh Rao,Jaipur,P013,Office Chair,Furniture,2,2500,5500,0.1,9900,5000,4900
O1296,2024-09-24,C012,Sneha Mehta,Kolkata,P010,Saree,Fashion,2,900,2800,0.1,5040,1800,3240
O1297,2024-09-24,C078,Sanjay Saxena,Chennai,P014,Bed Frame,Furniture,1,6000,15000,0,15000,6000,9000
O1298,2024-09-24,C019,Roshni Nair,Ahmedabad,P015,Rice 5kg,Grocery,3,200,350,0.1,945,600,345
O1299,2024-09-24,C016,Advik Pandey,Jaipur,P002,Smartphone,Electronics,1,12000,22000,0.05,20900,12000,8900
O1300,2024-09-25,C039,Kavya Nair,Ahmedabad,P014,Bed Frame,Furniture,1,6000,15000,0,15000,6000,9000
O1301,2024-09-25,C091,Lakshmi Sharma,Delhi,P012,Dining Table,Furniture,1,5000,12000,0,12000,5000,7000
O1302,2024-09-25,C100,Aarav Patel,Hyderabad,P003,Headphones,Electronics,2,1500,3500,0.1,6300,3000,3300
O1303,2024-09-25,C117,Ananya Iyer,Bangalore,P016,Cooking Oil,Grocery,2,150,250,0.1,450,300,150
O1304,2024-09-25,C027,Manish Yadav,Bangalore,P020,Business Strategy,Books,1,350,800,0.05,760,350,410
O1305,2024-09-26,C027,Manish Yadav,Bangalore,P004,Smartwatch,Electronics,1,3000,6000,0.05,5700,3000,2700
O1306,2024-09-26,C041,Lakshmi Chopra,Delhi,P013,Office Chair,Furniture,1,2500,5500,0.1,4950,2500,2450
O1307,2024-09-26,C025,Navya Mishra,Pune,P006,T-Shirt,Fashion,3,200,600,0.1,1620,600,1020
O1308,2024-09-26,C110,Diya Verma,Hyderabad,P005,Monitor,Electronics,1,7000,14000,0.05,13300,7000,6300
O1309,2024-09-26,C115,Sai Reddy,Pune,P014,Bed Frame,Furniture,1,6000,15000,0.15,12750,6000,6750
O1310,2024-09-27,C013,Rohit Gupta,Lucknow,P014,Bed Frame,Furniture,1,6000,15000,0,15000,6000,9000
O1311,2024-09-27,C003,Gauri Bhat,Lucknow,P018,Python Book,Books,1,250,600,0,600,250,350
O1312,2024-09-27,C015,Sai Reddy,Pune,P001,Laptop,Electronics,1,25000,45000,0.1,40500,25000,15500
O1313,2024-09-27,C024,Rithvik Kumar,Mumbai,P018,Python Book,Books,4,250,600,0.1,2160,1000,1160
O1314,2024-09-28,C095,Aaryan Reddy,Pune,P014,Bed Frame,Furniture,1,6000,15000,0.05,14250,6000,8250
O1315,2024-09-28,C044,Krishna Kumar,Mumbai,P003,Headphones,Electronics,2,1500,3500,0,7000,3000,4000
O1316,2024-09-28,C048,Neha Joshi,Chennai,P019,Fiction Novel,Books,4,120,300,0,1200,480,720
O1317,2024-09-28,C059,Pranav Nair,Ahmedabad,P004,Smartwatch,Electronics,2,3000,6000,0.05,11400,6000,5400
O1318,2024-09-28,C004,Riya Kumar,Mumbai,P016,Cooking Oil,Grocery,4,150,250,0.05,950,600,350
O1319,2024-09-29,C058,Reyansh Saxena,Chennai,P006,T-Shirt,Fashion,2,200,600,0,1200,400,800
O1320,2024-09-29,C025,Navya Mishra,Pune,P017,Coffee Beans,Grocery,3,300,550,0.1,1485,900,585
O1321,2024-09-29,C022,Arjun Singh,Kolkata,P007,Jeans,Fashion,1,600,1800,0.05,1710,600,1110
O1322,2024-09-29,C062,Sneha Singh,Kolkata,P013,Office Chair,Furniture,2,2500,5500,0,11000,5000,6000
O1323,2024-09-29,C047,Saanvi Yadav,Bangalore,P006,T-Shirt,Fashion,2,200,600,0.1,1080,400,680
O1324,2024-09-30,C061,Priya Chopra,Delhi,P011,Sofa,Furniture,1,8000,18000,0,18000,8000,10000
O1325,2024-09-30,C061,Priya Chopra,Delhi,P012,Dining Table,Furniture,1,5000,12000,0,12000,5000,7000
O1326,2024-09-30,C004,Riya Kumar,Mumbai,P004,Smartwatch,Electronics,1,3000,6000,0,6000,3000,3000
O1327,2024-09-30,C017,Ananya Iyer,Bangalore,P011,Sofa,Furniture,1,8000,18000,0,18000,8000,10000
O1328,2024-10-01,C094,Krishna Deshmukh,Mumbai,P012,Dining Table,Furniture,1,5000,12000,0.05,11400,5000,6400
O1329,2024-10-01,C102,Advaith Singh,Kolkata,P011,Sofa,Furniture,1,8000,18000,0.05,17100,8000,9100
O1330,2024-10-01,C092,Vikram Mehta,Kolkata,P004,Smartwatch,Electronics,1,3000,6000,0.1,5400,3000,2400
O1331,2024-10-01,C076,Meera Pandey,Jaipur,P011,Sofa,Furniture,1,8000,18000,0,18000,8000,10000
O1332,2024-10-01,C098,Neha Saxena,Chennai,P013,Office Chair,Furniture,2,2500,5500,0.1,9900,5000,4900
O1333,2024-10-02,C119,Roshni Nair,Ahmedabad,P011,Sofa,Furniture,1,8000,18000,0,18000,8000,10000
O1334,2024-10-02,C016,Advik Pandey,Jaipur,P002,Smartphone,Electronics,1,12000,22000,0.15,18700,12000,6700
O1335,2024-10-02,C092,Vikram Mehta,Kolkata,P014,Bed Frame,Furniture,1,6000,15000,0.15,12750,6000,6750
O1336,2024-10-02,C117,Ananya Iyer,Bangalore,P011,Sofa,Furniture,1,8000,18000,0.15,15300,8000,7300
O1337,2024-10-02,C021,Sunil Chopra,Delhi,P010,Saree,Fashion,1,900,2800,0.05,2660,900,1760
O1338,2024-10-03,C053,Gauri Gupta,Lucknow,P013,Office Chair,Furniture,1,2500,5500,0.05,5225,2500,2725
O1339,2024-10-03,C083,Anushka Bhat,Lucknow,P018,Python Book,Books,1,250,600,0.15,510,250,260
O1340,2024-10-03,C062,Sneha Singh,Kolkata,P003,Headphones,Electronics,1,1500,3500,0.1,3150,1500,1650
O1341,2024-10-03,C020,Rahul Patel,Hyderabad,P002,Smartphone,Electronics,1,12000,22000,0.05,20900,12000,8900
O1342,2024-10-03,C018,Pooja Saxena,Chennai,P020,Business Strategy,Books,3,350,800,0,2400,1050,1350
O1343,2024-10-04,C068,Pooja Joshi,Chennai,P002,Smartphone,Electronics,1,12000,22000,0,22000,12000,10000
O1344,2024-10-04,C115,Sai Reddy,Pune,P001,Laptop,Electronics,1,25000,45000,0.1,40500,25000,15500
O1345,2024-10-04,C081,Kabir Chopra,Delhi,P014,Bed Frame,Furniture,1,6000,15000,0.1,13500,6000,7500
O1346,2024-10-04,C034,Swati Deshmukh,Mumbai,P003,Headphones,Electronics,2,1500,3500,0.1,6300,3000,3300
O1347,2024-10-04,C057,Deepak Iyer,Bangalore,P014,Bed Frame,Furniture,1,6000,15000,0.05,14250,6000,8250
O1348,2024-10-05,C008,Reyansh Joshi,Chennai,P001,Laptop,Electronics,1,25000,45000,0,45000,25000,20000
O1349,2024-10-05,C016,Advik Pandey,Jaipur,P013,Office Chair,Furniture,1,2500,5500,0,5500,2500,3000
O1350,2024-10-05,C097,Saanvi Iyer,Bangalore,P014,Bed Frame,Furniture,1,6000,15000,0,15000,6000,9000
O1351,2024-10-05,C107,Deepak Yadav,Bangalore,P004,Smartwatch,Electronics,1,3000,6000,0,6000,3000,3000
O1352,2024-10-05,C032,Khushi Mehta,Kolkata,P002,Smartphone,Electronics,1,12000,22000,0.1,19800,12000,7800
O1353,2024-10-06,C117,Ananya Iyer,Bangalore,P016,Cooking Oil,Grocery,3,150,250,0,750,450,300
O1354,2024-10-06,C081,Kabir Chopra,Delhi,P012,Dining Table,Furniture,1,5000,12000,0,12000,5000,7000
O1355,2024-10-06,C050,Aarav Verma,Hyderabad,P011,Sofa,Furniture,1,8000,18000,0,18000,8000,10000
O1356,2024-10-06,C091,Lakshmi Sharma,Delhi,P008,Sneakers,Fashion,2,1000,2800,0.15,4760,2000,2760
O1357,2024-10-07,C044,Krishna Kumar,Mumbai,P017,Coffee Beans,Grocery,2,300,550,0,1100,600,500
O1358,2024-10-07,C022,Arjun Singh,Kolkata,P013,Office Chair,Furniture,2,2500,5500,0.05,10450,5000,5450
O1359,2024-10-07,C034,Swati Deshmukh,Mumbai,P005,Monitor,Electronics,1,7000,14000,0.1,12600,7000,5600
O1360,2024-10-07,C010,Diya Verma,Hyderabad,P002,Smartphone,Electronics,1,12000,22000,0.05,20900,12000,8900
O1361,2024-10-07,C005,Deepika Mishra,Pune,P014,Bed Frame,Furniture,1,6000,15000,0,15000,6000,9000
O1362,2024-10-08,C076,Meera Pandey,Jaipur,P005,Monitor,Electronics,1,7000,14000,0,14000,7000,7000
O1363,2024-10-08,C097,Saanvi Iyer,Bangalore,P012,Dining Table,Furniture,1,5000,12000,0,12000,5000,7000
O1364,2024-10-08,C054,Riya Deshmukh,Mumbai,P001,Laptop,Electronics,1,25000,45000,0.15,38250,25000,13250
O1365,2024-10-08,C086,Aditya Rao,Jaipur,P004,Smartwatch,Electronics,1,3000,6000,0.05,5700,3000,2700
O1366,2024-10-08,C004,Riya Kumar,Mumbai,P013,Office Chair,Furniture,1,2500,5500,0,5500,2500,3000
O1367,2024-10-09,C100,Aarav Patel,Hyderabad,P013,Office Chair,Furniture,2,2500,5500,0.05,10450,5000,5450
O1368,2024-10-09,C080,Shaurya Patel,Hyderabad,P019,Fiction Novel,Books,1,120,300,0.1,270,120,150
O1369,2024-10-09,C026,Meera Rao,Jaipur,P009,Jacket,Fashion,2,1200,3500,0,7000,2400,4600
O1370,2024-10-09,C037,Ishaan Iyer,Bangalore,P011,Sofa,Furniture,1,8000,18000,0,18000,8000,10000
O1371,2024-10-09,C011,Priya Sharma,Delhi,P008,Sneakers,Fashion,1,1000,2800,0.1,2520,1000,1520
O1372,2024-10-10,C021,Sunil Chopra,Delhi,P006,T-Shirt,Fashion,4,200,600,0.05,2280,800,1480
O1373,2024-10-10,C025,Navya Mishra,Pune,P016,Cooking Oil,Grocery,3,150,250,0.1,675,450,225
O1374,2024-10-10,C041,Lakshmi Chopra,Delhi,P011,Sofa,Furniture,1,8000,18000,0,18000,8000,10000
O1375,2024-10-10,C007,Deepak Yadav,Bangalore,P016,Cooking Oil,Grocery,2,150,250,0.15,425,300,125
O1376,2024-10-10,C119,Roshni Nair,Ahmedabad,P013,Office Chair,Furniture,1,2500,5500,0.15,4675,2500,2175
O1377,2024-10-11,C006,Suresh Rao,Jaipur,P015,Rice 5kg,Grocery,3,200,350,0.1,945,600,345
O1378,2024-10-11,C047,Saanvi Yadav,Bangalore,P015,Rice 5kg,Grocery,3,200,350,0.1,945,600,345
O1379,2024-10-11,C017,Ananya Iyer,Bangalore,P007,Jeans,Fashion,1,600,1800,0,1800,600,1200
O1380,2024-10-11,C062,Sneha Singh,Kolkata,P013,Office Chair,Furniture,1,2500,5500,0,5500,2500,3000
O1381,2024-10-12,C100,Aarav Patel,Hyderabad,P017,Coffee Beans,Grocery,3,300,550,0.1,1485,900,585
O1382,2024-10-12,C046,Isha Rao,Jaipur,P004,Smartwatch,Electronics,2,3000,6000,0,12000,6000,6000
O1383,2024-10-12,C080,Shaurya Patel,Hyderabad,P001,Laptop,Electronics,1,25000,45000,0.05,42750,25000,17750
O1384,2024-10-12,C093,Vivaan Gupta,Lucknow,P005,Monitor,Electronics,1,7000,14000,0,14000,7000,7000
O1385,2024-10-12,C056,Suresh Pandey,Jaipur,P010,Saree,Fashion,1,900,2800,0,2800,900,1900
O1386,2024-10-13,C057,Deepak Iyer,Bangalore,P015,Rice 5kg,Grocery,3,200,350,0.05,998,600,398
O1387,2024-10-13,C043,Vivaan Bhat,Lucknow,P001,Laptop,Electronics,1,25000,45000,0.05,42750,25000,17750
O1388,2024-10-13,C056,Suresh Pandey,Jaipur,P005,Monitor,Electronics,1,7000,14000,0,14000,7000,7000
O1389,2024-10-13,C013,Rohit Gupta,Lucknow,P003,Headphones,Electronics,1,1500,3500,0,3500,1500,2000
O1390,2024-10-13,C021,Sunil Chopra,Delhi,P019,Fiction Novel,Books,2,120,300,0.1,540,240,300
O1391,2024-10-14,C021,Sunil Chopra,Delhi,P004,Smartwatch,Electronics,2,3000,6000,0.1,10800,6000,4800
O1392,2024-10-14,C020,Rahul Patel,Hyderabad,P012,Dining Table,Furniture,1,5000,12000,0,12000,5000,7000
O1393,2024-10-14,C011,Priya Sharma,Delhi,P001,Laptop,Electronics,1,25000,45000,0.1,40500,25000,15500
O1394,2024-10-14,C012,Sneha Mehta,Kolkata,P015,Rice 5kg,Grocery,1,200,350,0,350,200,150
O1395,2024-10-14,C026,Meera Rao,Jaipur,P005,Monitor,Electronics,1,7000,14000,0.15,11900,7000,4900
O1396,2024-10-15,C025,Navya Mishra,Pune,P004,Smartwatch,Electronics,1,3000,6000,0,6000,3000,3000
O1397,2024-10-15,C095,Aaryan Reddy,Pune,P003,Headphones,Electronics,1,1500,3500,0.1,3150,1500,1650
O1398,2024-10-15,C067,Ananya Yadav,Bangalore,P001,Laptop,Electronics,1,25000,45000,0,45000,25000,20000
O1399,2024-10-15,C001,Ayaan Chopra,Delhi,P010,Saree,Fashion,2,900,2800,0,5600,1800,3800
O1400,2024-10-15,C091,Lakshmi Sharma,Delhi,P016,Cooking Oil,Grocery,4,150,250,0,1000,600,400
O1401,2024-10-16,C004,Riya Kumar,Mumbai,P012,Dining Table,Furniture,1,5000,12000,0.15,10200,5000,5200
O1402,2024-10-16,C010,Diya Verma,Hyderabad,P008,Sneakers,Fashion,2,1000,2800,0.15,4760,2000,2760
O1403,2024-10-16,C020,Rahul Patel,Hyderabad,P016,Cooking Oil,Grocery,4,150,250,0,1000,600,400
O1404,2024-10-16,C018,Pooja Saxena,Chennai,P011,Sofa,Furniture,1,8000,18000,0.05,17100,8000,9100
O1405,2024-10-17,C090,Tanvi Verma,Hyderabad,P012,Dining Table,Furniture,1,5000,12000,0,12000,5000,7000
O1406,2024-10-17,C084,Swati Kumar,Mumbai,P003,Headphones,Electronics,2,1500,3500,0,7000,3000,4000
O1407,2024-10-17,C017,Ananya Iyer,Bangalore,P001,Laptop,Electronics,1,25000,45000,0.05,42750,25000,17750
O1408,2024-10-17,C051,Ayaan Sharma,Delhi,P005,Monitor,Electronics,1,7000,14000,0.05,13300,7000,6300
O1409,2024-10-17,C077,Manish Iyer,Bangalore,P005,Monitor,Electronics,1,7000,14000,0.15,11900,7000,4900
O1410,2024-10-18,C018,Pooja Saxena,Chennai,P019,Fiction Novel,Books,4,120,300,0.1,1080,480,600
O1411,2024-10-18,C073,Atharv Gupta,Lucknow,P002,Smartphone,Electronics,1,12000,22000,0.1,19800,12000,7800
O1412,2024-10-18,C059,Pranav Nair,Ahmedabad,P002,Smartphone,Electronics,1,12000,22000,0.05,20900,12000,8900
O1413,2024-10-18,C073,Atharv Gupta,Lucknow,P008,Sneakers,Fashion,1,1000,2800,0.1,2520,1000,1520
O1414,2024-10-18,C106,Suresh Rao,Jaipur,P009,Jacket,Fashion,2,1200,3500,0,7000,2400,4600
O1415,2024-10-19,C008,Reyansh Joshi,Chennai,P013,Office Chair,Furniture,2,2500,5500,0.15,9350,5000,4350
O1416,2024-10-19,C051,Ayaan Sharma,Delhi,P001,Laptop,Electronics,1,25000,45000,0.1,40500,25000,15500
O1417,2024-10-19,C028,Sanjay Joshi,Chennai,P005,Monitor,Electronics,1,7000,14000,0.1,12600,7000,5600
O1418,2024-10-19,C020,Rahul Patel,Hyderabad,P014,Bed Frame,Furniture,1,6000,15000,0,15000,6000,9000
O1419,2024-10-19,C029,Vihaan Mukherjee,Ahmedabad,P001,Laptop,Electronics,1,25000,45000,0.15,38250,25000,13250
O1420,2024-10-20,C066,Advik Rao,Jaipur,P004,Smartwatch,Electronics,1,3000,6000,0.1,5400,3000,2400
O1421,2024-10-20,C108,Reyansh Joshi,Chennai,P003,Headphones,Electronics,2,1500,3500,0.05,6650,3000,3650
O1422,2024-10-20,C119,Roshni Nair,Ahmedabad,P004,Smartwatch,Electronics,2,3000,6000,0.05,11400,6000,5400
O1423,2024-10-20,C003,Gauri Bhat,Lucknow,P004,Smartwatch,Electronics,2,3000,6000,0,12000,6000,6000
O1424,2024-10-20,C101,Ayaan Chopra,Delhi,P014,Bed Frame,Furniture,1,6000,15000,0.15,12750,6000,6750
O1425,2024-10-21,C105,Deepika Mishra,Pune,P003,Headphones,Electronics,2,1500,3500,0,7000,3000,4000
O1426,2024-10-21,C101,Ayaan Chopra,Delhi,P012,Dining Table,Furniture,1,5000,12000,0.05,11400,5000,6400
O1427,2024-10-21,C059,Pranav Nair,Ahmedabad,P006,T-Shirt,Fashion,3,200,600,0.05,1710,600,1110
O1428,2024-10-21,C005,Deepika Mishra,Pune,P001,Laptop,Electronics,1,25000,45000,0.05,42750,25000,17750
O1429,2024-10-22,C106,Suresh Rao,Jaipur,P003,Headphones,Electronics,2,1500,3500,0.05,6650,3000,3650
O1430,2024-10-22,C010,Diya Verma,Hyderabad,P008,Sneakers,Fashion,2,1000,2800,0.1,5040,2000,3040
O1431,2024-10-22,C092,Vikram Mehta,Kolkata,P012,Dining Table,Furniture,1,5000,12000,0.15,10200,5000,5200
O1432,2024-10-22,C087,Ishaan Yadav,Bangalore,P008,Sneakers,Fashion,2,1000,2800,0,5600,2000,3600
O1433,2024-10-22,C086,Aditya Rao,Jaipur,P001,Laptop,Electronics,1,25000,45000,0,45000,25000,20000
O1434,2024-10-23,C016,Advik Pandey,Jaipur,P005,Monitor,Electronics,1,7000,14000,0.05,13300,7000,6300
O1435,2024-10-23,C115,Sai Reddy,Pune,P014,Bed Frame,Furniture,1,6000,15000,0,15000,6000,9000
O1436,2024-10-23,C066,Advik Rao,Jaipur,P002,Smartphone,Electronics,1,12000,22000,0.05,20900,12000,8900
O1437,2024-10-23,C035,Rajesh Reddy,Pune,P016,Cooking Oil,Grocery,2,150,250,0,500,300,200
O1438,2024-10-23,C112,Sneha Mehta,Kolkata,P003,Headphones,Electronics,1,1500,3500,0.1,3150,1500,1650
O1439,2024-10-24,C016,Advik Pandey,Jaipur,P011,Sofa,Furniture,1,8000,18000,0,18000,8000,10000
O1440,2024-10-24,C001,Ayaan Chopra,Delhi,P003,Headphones,Electronics,1,1500,3500,0,3500,1500,2000
O1441,2024-10-24,C066,Advik Rao,Jaipur,P007,Jeans,Fashion,1,600,1800,0,1800,600,1200
O1442,2024-10-24,C045,Aaryan Mishra,Pune,P012,Dining Table,Furniture,1,5000,12000,0,12000,5000,7000
O1443,2024-10-24,C103,Gauri Bhat,Lucknow,P011,Sofa,Furniture,1,8000,18000,0.15,15300,8000,7300
O1444,2024-10-25,C024,Rithvik Kumar,Mumbai,P012,Dining Table,Furniture,1,5000,12000,0.1,10800,5000,5800
O1445,2024-10-25,C079,Vihaan Nair,Ahmedabad,P007,Jeans,Fashion,1,600,1800,0.05,1710,600,1110
O1446,2024-10-25,C003,Gauri Bhat,Lucknow,P013,Office Chair,Furniture,2,2500,5500,0,11000,5000,6000
O1447,2024-10-25,C058,Reyansh Saxena,Chennai,P013,Office Chair,Furniture,2,2500,5500,0.05,10450,5000,5450
O1448,2024-10-25,C047,Saanvi Yadav,Bangalore,P005,Monitor,Electronics,1,7000,14000,0,14000,7000,7000
O1449,2024-10-26,C021,Sunil Chopra,Delhi,P018,Python Book,Books,4,250,600,0.15,2040,1000,1040
O1450,2024-10-26,C112,Sneha Mehta,Kolkata,P011,Sofa,Furniture,1,8000,18000,0,18000,8000,10000
O1451,2024-10-26,C044,Krishna Kumar,Mumbai,P014,Bed Frame,Furniture,1,6000,15000,0.1,13500,6000,7500
O1452,2024-10-26,C001,Ayaan Chopra,Delhi,P003,Headphones,Electronics,2,1500,3500,0.05,6650,3000,3650
O1453,2024-10-27,C002,Advaith Singh,Kolkata,P014,Bed Frame,Furniture,1,6000,15000,0.1,13500,6000,7500
O1454,2024-10-27,C038,Dhruv Saxena,Chennai,P020,Business Strategy,Books,2,350,800,0,1600,700,900
O1455,2024-10-27,C020,Rahul Patel,Hyderabad,P009,Jacket,Fashion,2,1200,3500,0,7000,2400,4600
O1456,2024-10-27,C098,Neha Saxena,Chennai,P001,Laptop,Electronics,1,25000,45000,0,45000,25000,20000
O1457,2024-10-27,C084,Swati Kumar,Mumbai,P018,Python Book,Books,3,250,600,0,1800,750,1050
O1458,2024-10-28,C014,Karan Deshmukh,Mumbai,P003,Headphones,Electronics,1,1500,3500,0,3500,1500,2000
O1459,2024-10-28,C097,Saanvi Iyer,Bangalore,P001,Laptop,Electronics,1,25000,45000,0.1,40500,25000,15500
O1460,2024-10-28,C012,Sneha Mehta,Kolkata,P003,Headphones,Electronics,1,1500,3500,0,3500,1500,2000
O1461,2024-10-28,C106,Suresh Rao,Jaipur,P008,Sneakers,Fashion,2,1000,2800,0.1,5040,2000,3040
O1462,2024-10-28,C047,Saanvi Yadav,Bangalore,P011,Sofa,Furniture,1,8000,18000,0.15,15300,8000,7300
O1463,2024-10-29,C004,Riya Kumar,Mumbai,P002,Smartphone,Electronics,1,12000,22000,0,22000,12000,10000
O1464,2024-10-29,C058,Reyansh Saxena,Chennai,P013,Office Chair,Furniture,2,2500,5500,0.05,10450,5000,5450
O1465,2024-10-29,C038,Dhruv Saxena,Chennai,P017,Coffee Beans,Grocery,3,300,550,0.15,1403,900,503
O1466,2024-10-29,C060,Diya Patel,Hyderabad,P005,Monitor,Electronics,1,7000,14000,0.05,13300,7000,6300
O1467,2024-10-29,C076,Meera Pandey,Jaipur,P020,Business Strategy,Books,3,350,800,0,2400,1050,1350
O1468,2024-10-30,C084,Swati Kumar,Mumbai,P011,Sofa,Furniture,1,8000,18000,0,18000,8000,10000
O1469,2024-10-30,C072,Arjun Mehta,Kolkata,P014,Bed Frame,Furniture,1,6000,15000,0.1,13500,6000,7500
O1470,2024-10-30,C059,Pranav Nair,Ahmedabad,P017,Coffee Beans,Grocery,1,300,550,0.05,523,300,223
O1471,2024-10-30,C029,Vihaan Mukherjee,Ahmedabad,P007,Jeans,Fashion,2,600,1800,0,3600,1200,2400
O1472,2024-10-30,C015,Sai Reddy,Pune,P011,Sofa,Furniture,1,8000,18000,0,18000,8000,10000
O1473,2024-10-31,C032,Khushi Mehta,Kolkata,P012,Dining Table,Furniture,1,5000,12000,0.1,10800,5000,5800
O1474,2024-10-31,C021,Sunil Chopra,Delhi,P005,Monitor,Electronics,1,7000,14000,0.1,12600,7000,5600
O1475,2024-10-31,C084,Swati Kumar,Mumbai,P003,Headphones,Electronics,1,1500,3500,0.15,2975,1500,1475
O1476,2024-10-31,C035,Rajesh Reddy,Pune,P003,Headphones,Electronics,1,1500,3500,0.05,3325,1500,1825
O1477,2024-11-01,C051,Ayaan Sharma,Delhi,P001,Laptop,Electronics,1,25000,45000,0.1,40500,25000,15500
O1478,2024-11-01,C066,Advik Rao,Jaipur,P015,Rice 5kg,Grocery,2,200,350,0,700,400,300
O1479,2024-11-01,C032,Khushi Mehta,Kolkata,P004,Smartwatch,Electronics,2,3000,6000,0,12000,6000,6000
O1480,2024-11-01,C048,Neha Joshi,Chennai,P012,Dining Table,Furniture,1,5000,12000,0.1,10800,5000,5800
O1481,2024-11-01,C045,Aaryan Mishra,Pune,P010,Saree,Fashion,1,900,2800,0.05,2660,900,1760
O1482,2024-11-01,C022,Arjun Singh,Kolkata,P011,Sofa,Furniture,1,8000,18000,0,18000,8000,10000
O1483,2024-11-02,C020,Rahul Patel,Hyderabad,P006,T-Shirt,Fashion,2,200,600,0.05,1140,400,740
O1484,2024-11-02,C040,Tanvi Patel,Hyderabad,P017,Coffee Beans,Grocery,4,300,550,0.1,1980,1200,780
O1485,2024-11-02,C017,Ananya Iyer,Bangalore,P004,Smartwatch,Electronics,1,3000,6000,0.1,5400,3000,2400
O1486,2024-11-02,C052,Advaith Mehta,Kolkata,P013,Office Chair,Furniture,1,2500,5500,0.05,5225,2500,2725
O1487,2024-11-02,C115,Sai Reddy,Pune,P013,Office Chair,Furniture,2,2500,5500,0.05,10450,5000,5450
O1488,2024-11-03,C006,Suresh Rao,Jaipur,P014,Bed Frame,Furniture,1,6000,15000,0.1,13500,6000,7500
O1489,2024-11-03,C106,Suresh Rao,Jaipur,P016,Cooking Oil,Grocery,1,150,250,0.15,213,150,63
O1490,2024-11-03,C046,Isha Rao,Jaipur,P001,Laptop,Electronics,1,25000,45000,0.05,42750,25000,17750
O1491,2024-11-03,C028,Sanjay Joshi,Chennai,P020,Business Strategy,Books,3,350,800,0,2400,1050,1350
O1492,2024-11-03,C040,Tanvi Patel,Hyderabad,P012,Dining Table,Furniture,1,5000,12000,0,12000,5000,7000
O1493,2024-11-04,C067,Ananya Yadav,Bangalore,P004,Smartwatch,Electronics,2,3000,6000,0.05,11400,6000,5400
O1494,2024-11-04,C002,Advaith Singh,Kolkata,P013,Office Chair,Furniture,1,2500,5500,0.1,4950,2500,2450
O1495,2024-11-04,C004,Riya Kumar,Mumbai,P003,Headphones,Electronics,2,1500,3500,0,7000,3000,4000
O1496,2024-11-04,C098,Neha Saxena,Chennai,P005,Monitor,Electronics,1,7000,14000,0,14000,7000,7000
O1497,2024-11-04,C115,Sai Reddy,Pune,P014,Bed Frame,Furniture,1,6000,15000,0,15000,6000,9000
O1498,2024-11-04,C070,Rahul Verma,Hyderabad,P004,Smartwatch,Electronics,1,3000,6000,0,6000,3000,3000
O1499,2024-11-05,C017,Ananya Iyer,Bangalore,P004,Smartwatch,Electronics,2,3000,6000,0,12000,6000,6000
O1500,2024-11-05,C005,Deepika Mishra,Pune,P011,Sofa,Furniture,1,8000,18000,0,18000,8000,10000
O1501,2024-11-05,C064,Karan Kumar,Mumbai,P011,Sofa,Furniture,1,8000,18000,0,18000,8000,10000
O1502,2024-11-05,C035,Rajesh Reddy,Pune,P002,Smartphone,Electronics,1,12000,22000,0,22000,12000,10000
O1503,2024-11-05,C010,Diya Verma,Hyderabad,P003,Headphones,Electronics,1,1500,3500,0.15,2975,1500,1475
O1504,2024-11-06,C063,Rohit Bhat,Lucknow,P017,Coffee Beans,Grocery,2,300,550,0.1,990,600,390
O1505,2024-11-06,C046,Isha Rao,Jaipur,P018,Python Book,Books,3,250,600,0.05,1710,750,960
O1506,2024-11-06,C086,Aditya Rao,Jaipur,P003,Headphones,Electronics,1,1500,3500,0,3500,1500,2000
O1507,2024-11-06,C113,Rohit Gupta,Lucknow,P004,Smartwatch,Electronics,1,3000,6000,0.05,5700,3000,2700
O1508,2024-11-06,C095,Aaryan Reddy,Pune,P012,Dining Table,Furniture,1,5000,12000,0,12000,5000,7000
O1509,2024-11-07,C077,Manish Iyer,Bangalore,P011,Sofa,Furniture,1,8000,18000,0.05,17100,8000,9100
O1510,2024-11-07,C066,Advik Rao,Jaipur,P005,Monitor,Electronics,1,7000,14000,0.05,13300,7000,6300
O1511,2024-11-07,C080,Shaurya Patel,Hyderabad,P001,Laptop,Electronics,1,25000,45000,0.15,38250,25000,13250
O1512,2024-11-07,C099,Amit Nair,Ahmedabad,P003,Headphones,Electronics,2,1500,3500,0.1,6300,3000,3300
O1513,2024-11-07,C105,Deepika Mishra,Pune,P014,Bed Frame,Furniture,1,6000,15000,0,15000,6000,9000
O1514,2024-11-07,C110,Diya Verma,Hyderabad,P008,Sneakers,Fashion,2,1000,2800,0,5600,2000,3600
O1515,2024-11-08,C055,Deepika Reddy,Pune,P003,Headphones,Electronics,1,1500,3500,0,3500,1500,2000
O1516,2024-11-08,C018,Pooja Saxena,Chennai,P002,Smartphone,Electronics,1,12000,22000,0,22000,12000,10000
O1517,2024-11-08,C020,Rahul Patel,Hyderabad,P008,Sneakers,Fashion,2,1000,2800,0,5600,2000,3600
O1518,2024-11-08,C002,Advaith Singh,Kolkata,P010,Saree,Fashion,2,900,2800,0,5600,1800,3800
O1519,2024-11-08,C007,Deepak Yadav,Bangalore,P001,Laptop,Electronics,1,25000,45000,0,45000,25000,20000
O1520,2024-11-09,C008,Reyansh Joshi,Chennai,P013,Office Chair,Furniture,1,2500,5500,0,5500,2500,3000
O1521,2024-11-09,C036,Aditya Pandey,Jaipur,P011,Sofa,Furniture,1,8000,18000,0.05,17100,8000,9100
O1522,2024-11-09,C075,Navya Reddy,Pune,P002,Smartphone,Electronics,1,12000,22000,0.15,18700,12000,6700
O1523,2024-11-09,C076,Meera Pandey,Jaipur,P001,Laptop,Electronics,1,25000,45000,0,45000,25000,20000
O1524,2024-11-09,C079,Vihaan Nair,Ahmedabad,P014,Bed Frame,Furniture,1,6000,15000,0,15000,6000,9000
O1525,2024-11-10,C099,Amit Nair,Ahmedabad,P004,Smartwatch,Electronics,1,3000,6000,0.15,5100,3000,2100
O1526,2024-11-10,C055,Deepika Reddy,Pune,P002,Smartphone,Electronics,1,12000,22000,0.15,18700,12000,6700
O1527,2024-11-10,C002,Advaith Singh,Kolkata,P012,Dining Table,Furniture,1,5000,12000,0.15,10200,5000,5200
O1528,2024-11-10,C021,Sunil Chopra,Delhi,P003,Headphones,Electronics,2,1500,3500,0.05,6650,3000,3650
O1529,2024-11-10,C109,Pranav Mukherjee,Ahmedabad,P005,Monitor,Electronics,1,7000,14000,0.1,12600,7000,5600
O1530,2024-11-11,C115,Sai Reddy,Pune,P009,Jacket,Fashion,1,1200,3500,0.15,2975,1200,1775
O1531,2024-11-11,C005,Deepika Mishra,Pune,P013,Office Chair,Furniture,1,2500,5500,0,5500,2500,3000
O1532,2024-11-11,C046,Isha Rao,Jaipur,P002,Smartphone,Electronics,1,12000,22000,0,22000,12000,10000
O1533,2024-11-11,C009,Pranav Mukherjee,Ahmedabad,P012,Dining Table,Furniture,1,5000,12000,0,12000,5000,7000
O1534,2024-11-11,C041,Lakshmi Chopra,Delhi,P002,Smartphone,Electronics,1,12000,22000,0,22000,12000,10000
O1535,2024-11-11,C051,Ayaan Sharma,Delhi,P011,Sofa,Furniture,1,8000,18000,0.1,16200,8000,8200
O1536,2024-11-12,C091,Lakshmi Sharma,Delhi,P013,Office Chair,Furniture,2,2500,5500,0,11000,5000,6000
O1537,2024-11-12,C108,Reyansh Joshi,Chennai,P003,Headphones,Electronics,1,1500,3500,0,3500,1500,2000
O1538,2024-11-12,C072,Arjun Mehta,Kolkata,P005,Monitor,Electronics,1,7000,14000,0.1,12600,7000,5600
O1539,2024-11-12,C103,Gauri Bhat,Lucknow,P009,Jacket,Fashion,2,1200,3500,0.15,5950,2400,3550
O1540,2024-11-12,C056,Suresh Pandey,Jaipur,P017,Coffee Beans,Grocery,4,300,550,0,2200,1200,1000
O1541,2024-11-13,C005,Deepika Mishra,Pune,P006,T-Shirt,Fashion,1,200,600,0,600,200,400
O1542,2024-11-13,C022,Arjun Singh,Kolkata,P004,Smartwatch,Electronics,2,3000,6000,0,12000,6000,6000
O1543,2024-11-13,C022,Arjun Singh,Kolkata,P001,Laptop,Electronics,1,25000,45000,0.15,38250,25000,13250
O1544,2024-11-13,C117,Ananya Iyer,Bangalore,P013,Office Chair,Furniture,2,2500,5500,0,11000,5000,6000
O1545,2024-11-13,C040,Tanvi Patel,Hyderabad,P005,Monitor,Electronics,1,7000,14000,0.1,12600,7000,5600
O1546,2024-11-14,C007,Deepak Yadav,Bangalore,P006,T-Shirt,Fashion,2,200,600,0.05,1140,400,740
O1547,2024-11-14,C109,Pranav Mukherjee,Ahmedabad,P014,Bed Frame,Furniture,1,6000,15000,0.05,14250,6000,8250
O1548,2024-11-14,C038,Dhruv Saxena,Chennai,P002,Smartphone,Electronics,1,12000,22000,0.05,20900,12000,8900
O1549,2024-11-14,C017,Ananya Iyer,Bangalore,P002,Smartphone,Electronics,1,12000,22000,0,22000,12000,10000
O1550,2024-11-14,C056,Suresh Pandey,Jaipur,P010,Saree,Fashion,1,900,2800,0,2800,900,1900
O1551,2024-11-14,C004,Riya Kumar,Mumbai,P018,Python Book,Books,2,250,600,0,1200,500,700
O1552,2024-11-15,C072,Arjun Mehta,Kolkata,P014,Bed Frame,Furniture,1,6000,15000,0,15000,6000,9000
O1553,2024-11-15,C015,Sai Reddy,Pune,P014,Bed Frame,Furniture,1,6000,15000,0.1,13500,6000,7500
O1554,2024-11-15,C113,Rohit Gupta,Lucknow,P004,Smartwatch,Electronics,1,3000,6000,0.15,5100,3000,2100
O1555,2024-11-15,C028,Sanjay Joshi,Chennai,P010,Saree,Fashion,1,900,2800,0.1,2520,900,1620
O1556,2024-11-15,C011,Priya Sharma,Delhi,P012,Dining Table,Furniture,1,5000,12000,0.15,10200,5000,5200
O1557,2024-11-16,C049,Amit Mukherjee,Ahmedabad,P002,Smartphone,Electronics,1,12000,22000,0,22000,12000,10000
O1558,2024-11-16,C076,Meera Pandey,Jaipur,P010,Saree,Fashion,2,900,2800,0,5600,1800,3800
O1559,2024-11-16,C108,Reyansh Joshi,Chennai,P019,Fiction Novel,Books,3,120,300,0,900,360,540
O1560,2024-11-16,C101,Ayaan Chopra,Delhi,P009,Jacket,Fashion,1,1200,3500,0.1,3150,1200,1950
O1561,2024-11-16,C105,Deepika Mishra,Pune,P019,Fiction Novel,Books,3,120,300,0,900,360,540
O1562,2024-11-17,C041,Lakshmi Chopra,Delhi,P012,Dining Table,Furniture,1,5000,12000,0.05,11400,5000,6400
O1563,2024-11-17,C021,Sunil Chopra,Delhi,P015,Rice 5kg,Grocery,4,200,350,0,1400,800,600
O1564,2024-11-17,C005,Deepika Mishra,Pune,P005,Monitor,Electronics,1,7000,14000,0,14000,7000,7000
O1565,2024-11-17,C049,Amit Mukherjee,Ahmedabad,P005,Monitor,Electronics,1,7000,14000,0,14000,7000,7000
O1566,2024-11-17,C049,Amit Mukherjee,Ahmedabad,P009,Jacket,Fashion,2,1200,3500,0,7000,2400,4600
O1567,2024-11-17,C021,Sunil Chopra,Delhi,P012,Dining Table,Furniture,1,5000,12000,0.05,11400,5000,6400
O1568,2024-11-18,C065,Sai Mishra,Pune,P002,Smartphone,Electronics,1,12000,22000,0.05,20900,12000,8900
O1569,2024-11-18,C018,Pooja Saxena,Chennai,P001,Laptop,Electronics,1,25000,45000,0,45000,25000,20000
O1570,2024-11-18,C001,Ayaan Chopra,Delhi,P011,Sofa,Furniture,1,8000,18000,0.05,17100,8000,9100
O1571,2024-11-18,C048,Neha Joshi,Chennai,P003,Headphones,Electronics,1,1500,3500,0.15,2975,1500,1475
O1572,2024-11-18,C020,Rahul Patel,Hyderabad,P006,T-Shirt,Fashion,4,200,600,0.1,2160,800,1360
O1573,2024-11-19,C089,Kavya Mukherjee,Ahmedabad,P013,Office Chair,Furniture,1,2500,5500,0,5500,2500,3000
O1574,2024-11-19,C099,Amit Nair,Ahmedabad,P012,Dining Table,Furniture,1,5000,12000,0,12000,5000,7000
O1575,2024-11-19,C089,Kavya Mukherjee,Ahmedabad,P001,Laptop,Electronics,1,25000,45000,0.05,42750,25000,17750
O1576,2024-11-19,C046,Isha Rao,Jaipur,P003,Headphones,Electronics,2,1500,3500,0.05,6650,3000,3650
O1577,2024-11-19,C018,Pooja Saxena,Chennai,P001,Laptop,Electronics,1,25000,45000,0.1,40500,25000,15500
O1578,2024-11-20,C111,Priya Sharma,Delhi,P004,Smartwatch,Electronics,1,3000,6000,0,6000,3000,3000
O1579,2024-11-20,C037,Ishaan Iyer,Bangalore,P008,Sneakers,Fashion,1,1000,2800,0.15,2380,1000,1380
O1580,2024-11-20,C034,Swati Deshmukh,Mumbai,P005,Monitor,Electronics,1,7000,14000,0.15,11900,7000,4900
O1581,2024-11-20,C104,Riya Kumar,Mumbai,P019,Fiction Novel,Books,2,120,300,0,600,240,360
O1582,2024-11-20,C087,Ishaan Yadav,Bangalore,P007,Jeans,Fashion,2,600,1800,0.05,3420,1200,2220
O1583,2024-11-21,C009,Pranav Mukherjee,Ahmedabad,P016,Cooking Oil,Grocery,4,150,250,0.05,950,600,350
O1584,2024-11-21,C023,Atharv Bhat,Lucknow,P017,Coffee Beans,Grocery,4,300,550,0,2200,1200,1000
O1585,2024-11-21,C029,Vihaan Mukherjee,Ahmedabad,P003,Headphones,Electronics,2,1500,3500,0.1,6300,3000,3300
O1586,2024-11-21,C002,Advaith Singh,Kolkata,P014,Bed Frame,Furniture,1,6000,15000,0.1,13500,6000,7500
O1587,2024-11-21,C001,Ayaan Chopra,Delhi,P005,Monitor,Electronics,1,7000,14000,0,14000,7000,7000
O1588,2024-11-21,C006,Suresh Rao,Jaipur,P011,Sofa,Furniture,1,8000,18000,0.05,17100,8000,9100
O1589,2024-11-22,C031,Kabir Sharma,Delhi,P015,Rice 5kg,Grocery,3,200,350,0,1050,600,450
O1590,2024-11-22,C011,Priya Sharma,Delhi,P010,Saree,Fashion,2,900,2800,0.15,4760,1800,2960
O1591,2024-11-22,C017,Ananya Iyer,Bangalore,P003,Headphones,Electronics,1,1500,3500,0.05,3325,1500,1825
O1592,2024-11-22,C093,Vivaan Gupta,Lucknow,P001,Laptop,Electronics,1,25000,45000,0,45000,25000,20000
O1593,2024-11-22,C096,Isha Pandey,Jaipur,P002,Smartphone,Electronics,1,12000,22000,0.1,19800,12000,7800
O1594,2024-11-23,C113,Rohit Gupta,Lucknow,P014,Bed Frame,Furniture,1,6000,15000,0.1,13500,6000,7500
O1595,2024-11-23,C022,Arjun Singh,Kolkata,P010,Saree,Fashion,1,900,2800,0,2800,900,1900
O1596,2024-11-23,C115,Sai Reddy,Pune,P002,Smartphone,Electronics,1,12000,22000,0.05,20900,12000,8900
O1597,2024-11-23,C065,Sai Mishra,Pune,P016,Cooking Oil,Grocery,2,150,250,0,500,300,200
O1598,2024-11-23,C031,Kabir Sharma,Delhi,P014,Bed Frame,Furniture,1,6000,15000,0.15,12750,6000,6750
O1599,2024-11-24,C095,Aaryan Reddy,Pune,P011,Sofa,Furniture,1,8000,18000,0.1,16200,8000,8200
O1600,2024-11-24,C004,Riya Kumar,Mumbai,P018,Python Book,Books,1,250,600,0,600,250,350
O1601,2024-11-24,C043,Vivaan Bhat,Lucknow,P004,Smartwatch,Electronics,1,3000,6000,0.15,5100,3000,2100
O1602,2024-11-24,C109,Pranav Mukherjee,Ahmedabad,P001,Laptop,Electronics,1,25000,45000,0.05,42750,25000,17750
O1603,2024-11-24,C092,Vikram Mehta,Kolkata,P011,Sofa,Furniture,1,8000,18000,0.15,15300,8000,7300
O1604,2024-11-24,C115,Sai Reddy,Pune,P002,Smartphone,Electronics,1,12000,22000,0.05,20900,12000,8900
O1605,2024-11-25,C024,Rithvik Kumar,Mumbai,P009,Jacket,Fashion,1,1200,3500,0.1,3150,1200,1950
O1606,2024-11-25,C077,Manish Iyer,Bangalore,P005,Monitor,Electronics,1,7000,14000,0.1,12600,7000,5600
O1607,2024-11-25,C012,Sneha Mehta,Kolkata,P019,Fiction Novel,Books,4,120,300,0,1200,480,720
O1608,2024-11-25,C021,Sunil Chopra,Delhi,P013,Office Chair,Furniture,1,2500,5500,0.15,4675,2500,2175
O1609,2024-11-25,C039,Kavya Nair,Ahmedabad,P015,Rice 5kg,Grocery,3,200,350,0,1050,600,450
O1610,2024-11-26,C023,Atharv Bhat,Lucknow,P009,Jacket,Fashion,2,1200,3500,0,7000,2400,4600
O1611,2024-11-26,C007,Deepak Yadav,Bangalore,P019,Fiction Novel,Books,1,120,300,0.05,285,120,165
O1612,2024-11-26,C015,Sai Reddy,Pune,P002,Smartphone,Electronics,1,12000,22000,0,22000,12000,10000
O1613,2024-11-26,C005,Deepika Mishra,Pune,P002,Smartphone,Electronics,1,12000,22000,0,22000,12000,10000
O1614,2024-11-26,C024,Rithvik Kumar,Mumbai,P013,Office Chair,Furniture,1,2500,5500,0,5500,2500,3000
O1615,2024-11-27,C080,Shaurya Patel,Hyderabad,P010,Saree,Fashion,1,900,2800,0,2800,900,1900
O1616,2024-11-27,C044,Krishna Kumar,Mumbai,P003,Headphones,Electronics,1,1500,3500,0,3500,1500,2000
O1617,2024-11-27,C066,Advik Rao,Jaipur,P010,Saree,Fashion,2,900,2800,0.05,5320,1800,3520
O1618,2024-11-27,C005,Deepika Mishra,Pune,P001,Laptop,Electronics,1,25000,45000,0.15,38250,25000,13250
O1619,2024-11-27,C005,Deepika Mishra,Pune,P005,Monitor,Electronics,1,7000,14000,0.1,12600,7000,5600
O1620,2024-11-27,C063,Rohit Bhat,Lucknow,P002,Smartphone,Electronics,1,12000,22000,0.15,18700,12000,6700
O1621,2024-11-28,C112,Sneha Mehta,Kolkata,P003,Headphones,Electronics,1,1500,3500,0.05,3325,1500,1825
O1622,2024-11-28,C020,Rahul Patel,Hyderabad,P016,Cooking Oil,Grocery,1,150,250,0.05,238,150,88
O1623,2024-11-28,C092,Vikram Mehta,Kolkata,P008,Sneakers,Fashion,2,1000,2800,0.15,4760,2000,2760
O1624,2024-11-28,C021,Sunil Chopra,Delhi,P014,Bed Frame,Furniture,1,6000,15000,0.05,14250,6000,8250
O1625,2024-11-28,C100,Aarav Patel,Hyderabad,P013,Office Chair,Furniture,2,2500,5500,0.15,9350,5000,4350
O1626,2024-11-29,C022,Arjun Singh,Kolkata,P013,Office Chair,Furniture,2,2500,5500,0,11000,5000,6000
O1627,2024-11-29,C031,Kabir Sharma,Delhi,P020,Business Strategy,Books,1,350,800,0.1,720,350,370
O1628,2024-11-29,C008,Reyansh Joshi,Chennai,P002,Smartphone,Electronics,1,12000,22000,0,22000,12000,10000
O1629,2024-11-29,C070,Rahul Verma,Hyderabad,P009,Jacket,Fashion,2,1200,3500,0.15,5950,2400,3550
O1630,2024-11-29,C066,Advik Rao,Jaipur,P005,Monitor,Electronics,1,7000,14000,0,14000,7000,7000
O1631,2024-11-30,C018,Pooja Saxena,Chennai,P001,Laptop,Electronics,1,25000,45000,0.1,40500,25000,15500
O1632,2024-11-30,C096,Isha Pandey,Jaipur,P001,Laptop,Electronics,1,25000,45000,0.1,40500,25000,15500
O1633,2024-11-30,C105,Deepika Mishra,Pune,P005,Monitor,Electronics,1,7000,14000,0,14000,7000,7000
O1634,2024-11-30,C110,Diya Verma,Hyderabad,P002,Smartphone,Electronics,1,12000,22000,0.05,20900,12000,8900
O1635,2024-11-30,C089,Kavya Mukherjee,Ahmedabad,P002,Smartphone,Electronics,1,12000,22000,0,22000,12000,10000
O1636,2024-12-01,C105,Deepika Mishra,Pune,P011,Sofa,Furniture,1,8000,18000,0,18000,8000,10000
O1637,2024-12-01,C003,Gauri Bhat,Lucknow,P003,Headphones,Electronics,1,1500,3500,0,3500,1500,2000
O1638,2024-12-01,C013,Rohit Gupta,Lucknow,P004,Smartwatch,Electronics,2,3000,6000,0.1,10800,6000,4800
O1639,2024-12-01,C011,Priya Sharma,Delhi,P006,T-Shirt,Fashion,1,200,600,0.15,510,200,310
O1640,2024-12-01,C006,Suresh Rao,Jaipur,P012,Dining Table,Furniture,1,5000,12000,0,12000,5000,7000
O1641,2024-12-01,C006,Suresh Rao,Jaipur,P002,Smartphone,Electronics,1,12000,22000,0,22000,12000,10000
O1642,2024-12-02,C001,Ayaan Chopra,Delhi,P005,Monitor,Electronics,1,7000,14000,0.15,11900,7000,4900
O1643,2024-12-02,C032,Khushi Mehta,Kolkata,P014,Bed Frame,Furniture,1,6000,15000,0,15000,6000,9000
O1644,2024-12-02,C021,Sunil Chopra,Delhi,P006,T-Shirt,Fashion,1,200,600,0.15,510,200,310
O1645,2024-12-02,C023,Atharv Bhat,Lucknow,P002,Smartphone,Electronics,1,12000,22000,0.1,19800,12000,7800
O1646,2024-12-02,C003,Gauri Bhat,Lucknow,P005,Monitor,Electronics,1,7000,14000,0,14000,7000,7000
O1647,2024-12-03,C039,Kavya Nair,Ahmedabad,P012,Dining Table,Furniture,1,5000,12000,0,12000,5000,7000
O1648,2024-12-03,C114,Karan Deshmukh,Mumbai,P014,Bed Frame,Furniture,1,6000,15000,0,15000,6000,9000
O1649,2024-12-03,C049,Amit Mukherjee,Ahmedabad,P012,Dining Table,Furniture,1,5000,12000,0,12000,5000,7000
O1650,2024-12-03,C076,Meera Pandey,Jaipur,P012,Dining Table,Furniture,1,5000,12000,0,12000,5000,7000
O1651,2024-12-03,C113,Rohit Gupta,Lucknow,P009,Jacket,Fashion,1,1200,3500,0,3500,1200,2300
O1652,2024-12-04,C075,Navya Reddy,Pune,P012,Dining Table,Furniture,1,5000,12000,0,12000,5000,7000
O1653,2024-12-04,C031,Kabir Sharma,Delhi,P003,Headphones,Electronics,2,1500,3500,0.15,5950,3000,2950
O1654,2024-12-04,C095,Aaryan Reddy,Pune,P001,Laptop,Electronics,1,25000,45000,0,45000,25000,20000
O1655,2024-12-04,C104,Riya Kumar,Mumbai,P001,Laptop,Electronics,1,25000,45000,0.05,42750,25000,17750
O1656,2024-12-04,C073,Atharv Gupta,Lucknow,P014,Bed Frame,Furniture,1,6000,15000,0,15000,6000,9000
O1657,2024-12-04,C004,Riya Kumar,Mumbai,P013,Office Chair,Furniture,1,2500,5500,0,5500,2500,3000
O1658,2024-12-05,C025,Navya Mishra,Pune,P014,Bed Frame,Furniture,1,6000,15000,0.05,14250,6000,8250
O1659,2024-12-05,C010,Diya Verma,Hyderabad,P001,Laptop,Electronics,1,25000,45000,0.05,42750,25000,17750
O1660,2024-12-05,C063,Rohit Bhat,Lucknow,P007,Jeans,Fashion,2,600,1800,0,3600,1200,2400
O1661,2024-12-05,C058,Reyansh Saxena,Chennai,P012,Dining Table,Furniture,1,5000,12000,0.15,10200,5000,5200
O1662,2024-12-05,C022,Arjun Singh,Kolkata,P011,Sofa,Furniture,1,8000,18000,0,18000,8000,10000
O1663,2024-12-06,C055,Deepika Reddy,Pune,P013,Office Chair,Furniture,1,2500,5500,0.05,5225,2500,2725
O1664,2024-12-06,C019,Roshni Nair,Ahmedabad,P013,Office Chair,Furniture,2,2500,5500,0.15,9350,5000,4350
O1665,2024-12-06,C006,Suresh Rao,Jaipur,P003,Headphones,Electronics,2,1500,3500,0.1,6300,3000,3300
O1666,2024-12-06,C099,Amit Nair,Ahmedabad,P004,Smartwatch,Electronics,2,3000,6000,0.05,11400,6000,5400
O1667,2024-12-06,C038,Dhruv Saxena,Chennai,P003,Headphones,Electronics,2,1500,3500,0,7000,3000,4000
O1668,2024-12-07,C047,Saanvi Yadav,Bangalore,P012,Dining Table,Furniture,1,5000,12000,0.05,11400,5000,6400
O1669,2024-12-07,C029,Vihaan Mukherjee,Ahmedabad,P003,Headphones,Electronics,2,1500,3500,0.1,6300,3000,3300
O1670,2024-12-07,C069,Roshni Mukherjee,Ahmedabad,P011,Sofa,Furniture,1,8000,18000,0.05,17100,8000,9100
O1671,2024-12-07,C054,Riya Deshmukh,Mumbai,P012,Dining Table,Furniture,1,5000,12000,0.05,11400,5000,6400
O1672,2024-12-07,C006,Suresh Rao,Jaipur,P015,Rice 5kg,Grocery,3,200,350,0,1050,600,450
O1673,2024-12-07,C029,Vihaan Mukherjee,Ahmedabad,P004,Smartwatch,Electronics,2,3000,6000,0.15,10200,6000,4200
O1674,2024-12-08,C012,Sneha Mehta,Kolkata,P013,Office Chair,Furniture,1,2500,5500,0.05,5225,2500,2725
O1675,2024-12-08,C018,Pooja Saxena,Chennai,P011,Sofa,Furniture,1,8000,18000,0,18000,8000,10000
O1676,2024-12-08,C045,Aaryan Mishra,Pune,P005,Monitor,Electronics,1,7000,14000,0.1,12600,7000,5600
O1677,2024-12-08,C016,Advik Pandey,Jaipur,P002,Smartphone,Electronics,1,12000,22000,0.1,19800,12000,7800
O1678,2024-12-08,C032,Khushi Mehta,Kolkata,P014,Bed Frame,Furniture,1,6000,15000,0,15000,6000,9000
O1679,2024-12-09,C038,Dhruv Saxena,Chennai,P009,Jacket,Fashion,2,1200,3500,0,7000,2400,4600
O1680,2024-12-09,C072,Arjun Mehta,Kolkata,P001,Laptop,Electronics,1,25000,45000,0.1,40500,25000,15500
O1681,2024-12-09,C110,Diya Verma,Hyderabad,P014,Bed Frame,Furniture,1,6000,15000,0.05,14250,6000,8250
O1682,2024-12-09,C055,Deepika Reddy,Pune,P001,Laptop,Electronics,1,25000,45000,0,45000,25000,20000
O1683,2024-12-09,C109,Pranav Mukherjee,Ahmedabad,P002,Smartphone,Electronics,1,12000,22000,0.05,20900,12000,8900
O1684,2024-12-10,C018,Pooja Saxena,Chennai,P003,Headphones,Electronics,2,1500,3500,0,7000,3000,4000
O1685,2024-12-10,C045,Aaryan Mishra,Pune,P004,Smartwatch,Electronics,1,3000,6000,0.15,5100,3000,2100
O1686,2024-12-10,C090,Tanvi Verma,Hyderabad,P001,Laptop,Electronics,1,25000,45000,0.1,40500,25000,15500
O1687,2024-12-10,C005,Deepika Mishra,Pune,P005,Monitor,Electronics,1,7000,14000,0,14000,7000,7000
O1688,2024-12-10,C033,Anushka Gupta,Lucknow,P001,Laptop,Electronics,1,25000,45000,0.05,42750,25000,17750
O1689,2024-12-10,C103,Gauri Bhat,Lucknow,P013,Office Chair,Furniture,1,2500,5500,0.05,5225,2500,2725
O1690,2024-12-11,C097,Saanvi Iyer,Bangalore,P001,Laptop,Electronics,1,25000,45000,0.05,42750,25000,17750
O1691,2024-12-11,C012,Sneha Mehta,Kolkata,P004,Smartwatch,Electronics,2,3000,6000,0.1,10800,6000,4800
O1692,2024-12-11,C119,Roshni Nair,Ahmedabad,P011,Sofa,Furniture,1,8000,18000,0.1,16200,8000,8200
O1693,2024-12-11,C119,Roshni Nair,Ahmedabad,P013,Office Chair,Furniture,2,2500,5500,0.1,9900,5000,4900
O1694,2024-12-11,C064,Karan Kumar,Mumbai,P009,Jacket,Fashion,1,1200,3500,0,3500,1200,2300
O1695,2024-12-12,C007,Deepak Yadav,Bangalore,P016,Cooking Oil,Grocery,3,150,250,0.15,638,450,188
O1696,2024-12-12,C097,Saanvi Iyer,Bangalore,P005,Monitor,Electronics,1,7000,14000,0,14000,7000,7000
O1697,2024-12-12,C083,Anushka Bhat,Lucknow,P018,Python Book,Books,2,250,600,0.1,1080,500,580
O1698,2024-12-12,C071,Sunil Sharma,Delhi,P014,Bed Frame,Furniture,1,6000,15000,0,15000,6000,9000
O1699,2024-12-12,C022,Arjun Singh,Kolkata,P012,Dining Table,Furniture,1,5000,12000,0.1,10800,5000,5800
O1700,2024-12-13,C014,Karan Deshmukh,Mumbai,P005,Monitor,Electronics,1,7000,14000,0,14000,7000,7000
O1701,2024-12-13,C022,Arjun Singh,Kolkata,P004,Smartwatch,Electronics,1,3000,6000,0.05,5700,3000,2700
O1702,2024-12-13,C033,Anushka Gupta,Lucknow,P013,Office Chair,Furniture,1,2500,5500,0.05,5225,2500,2725
O1703,2024-12-13,C004,Riya Kumar,Mumbai,P020,Business Strategy,Books,4,350,800,0,3200,1400,1800
O1704,2024-12-13,C043,Vivaan Bhat,Lucknow,P014,Bed Frame,Furniture,1,6000,15000,0.05,14250,6000,8250
O1705,2024-12-13,C053,Gauri Gupta,Lucknow,P010,Saree,Fashion,2,900,2800,0.15,4760,1800,2960
O1706,2024-12-14,C068,Pooja Joshi,Chennai,P001,Laptop,Electronics,1,25000,45000,0,45000,25000,20000
O1707,2024-12-14,C093,Vivaan Gupta,Lucknow,P013,Office Chair,Furniture,2,2500,5500,0.15,9350,5000,4350
O1708,2024-12-14,C067,Ananya Yadav,Bangalore,P003,Headphones,Electronics,1,1500,3500,0,3500,1500,2000
O1709,2024-12-14,C058,Reyansh Saxena,Chennai,P015,Rice 5kg,Grocery,2,200,350,0.05,665,400,265
O1710,2024-12-14,C026,Meera Rao,Jaipur,P005,Monitor,Electronics,1,7000,14000,0.15,11900,7000,4900
O1711,2024-12-15,C114,Karan Deshmukh,Mumbai,P013,Office Chair,Furniture,1,2500,5500,0,5500,2500,3000
O1712,2024-12-15,C118,Pooja Saxena,Chennai,P001,Laptop,Electronics,1,25000,45000,0.15,38250,25000,13250
O1713,2024-12-15,C077,Manish Iyer,Bangalore,P014,Bed Frame,Furniture,1,6000,15000,0,15000,6000,9000
O1714,2024-12-15,C091,Lakshmi Sharma,Delhi,P020,Business Strategy,Books,2,350,800,0,1600,700,900
O1715,2024-12-15,C041,Lakshmi Chopra,Delhi,P012,Dining Table,Furniture,1,5000,12000,0,12000,5000,7000
O1716,2024-12-16,C018,Pooja Saxena,Chennai,P011,Sofa,Furniture,1,8000,18000,0,18000,8000,10000
O1717,2024-12-16,C026,Meera Rao,Jaipur,P005,Monitor,Electronics,1,7000,14000,0.1,12600,7000,5600
O1718,2024-12-16,C092,Vikram Mehta,Kolkata,P014,Bed Frame,Furniture,1,6000,15000,0,15000,6000,9000
O1719,2024-12-16,C108,Reyansh Joshi,Chennai,P007,Jeans,Fashion,1,600,1800,0,1800,600,1200
O1720,2024-12-16,C019,Roshni Nair,Ahmedabad,P004,Smartwatch,Electronics,1,3000,6000,0.15,5100,3000,2100
O1721,2024-12-16,C072,Arjun Mehta,Kolkata,P010,Saree,Fashion,1,900,2800,0,2800,900,1900
O1722,2024-12-17,C076,Meera Pandey,Jaipur,P012,Dining Table,Furniture,1,5000,12000,0,12000,5000,7000
O1723,2024-12-17,C005,Deepika Mishra,Pune,P005,Monitor,Electronics,1,7000,14000,0,14000,7000,7000
O1724,2024-12-17,C112,Sneha Mehta,Kolkata,P003,Headphones,Electronics,1,1500,3500,0,3500,1500,2000
O1725,2024-12-17,C081,Kabir Chopra,Delhi,P010,Saree,Fashion,2,900,2800,0,5600,1800,3800
O1726,2024-12-17,C090,Tanvi Verma,Hyderabad,P004,Smartwatch,Electronics,1,3000,6000,0.1,5400,3000,2400
O1727,2024-12-18,C055,Deepika Reddy,Pune,P007,Jeans,Fashion,2,600,1800,0,3600,1200,2400
O1728,2024-12-18,C062,Sneha Singh,Kolkata,P020,Business Strategy,Books,2,350,800,0,1600,700,900
O1729,2024-12-18,C111,Priya Sharma,Delhi,P015,Rice 5kg,Grocery,4,200,350,0,1400,800,600
O1730,2024-12-18,C032,Khushi Mehta,Kolkata,P005,Monitor,Electronics,1,7000,14000,0,14000,7000,7000
O1731,2024-12-18,C060,Diya Patel,Hyderabad,P001,Laptop,Electronics,1,25000,45000,0.15,38250,25000,13250
O1732,2024-12-19,C073,Atharv Gupta,Lucknow,P002,Smartphone,Electronics,1,12000,22000,0.1,19800,12000,7800
O1733,2024-12-19,C003,Gauri Bhat,Lucknow,P011,Sofa,Furniture,1,8000,18000,0.1,16200,8000,8200
O1734,2024-12-19,C055,Deepika Reddy,Pune,P012,Dining Table,Furniture,1,5000,12000,0.05,11400,5000,6400
O1735,2024-12-19,C035,Rajesh Reddy,Pune,P006,T-Shirt,Fashion,2,200,600,0.05,1140,400,740
O1736,2024-12-19,C057,Deepak Iyer,Bangalore,P012,Dining Table,Furniture,1,5000,12000,0.15,10200,5000,5200
O1737,2024-12-19,C036,Aditya Pandey,Jaipur,P005,Monitor,Electronics,1,7000,14000,0.05,13300,7000,6300
O1738,2024-12-20,C010,Diya Verma,Hyderabad,P001,Laptop,Electronics,1,25000,45000,0.05,42750,25000,17750
O1739,2024-12-20,C023,Atharv Bhat,Lucknow,P007,Jeans,Fashion,1,600,1800,0.05,1710,600,1110
O1740,2024-12-20,C031,Kabir Sharma,Delhi,P003,Headphones,Electronics,1,1500,3500,0,3500,1500,2000
O1741,2024-12-20,C034,Swati Deshmukh,Mumbai,P003,Headphones,Electronics,1,1500,3500,0,3500,1500,2000
O1742,2024-12-20,C051,Ayaan Sharma,Delhi,P019,Fiction Novel,Books,3,120,300,0.05,855,360,495
O1743,2024-12-21,C038,Dhruv Saxena,Chennai,P010,Saree,Fashion,1,900,2800,0.05,2660,900,1760
O1744,2024-12-21,C117,Ananya Iyer,Bangalore,P020,Business Strategy,Books,4,350,800,0.1,2880,1400,1480
O1745,2024-12-21,C076,Meera Pandey,Jaipur,P020,Business Strategy,Books,1,350,800,0.05,760,350,410
O1746,2024-12-21,C039,Kavya Nair,Ahmedabad,P015,Rice 5kg,Grocery,3,200,350,0.15,893,600,293
O1747,2024-12-21,C107,Deepak Yadav,Bangalore,P011,Sofa,Furniture,1,8000,18000,0.05,17100,8000,9100
O1748,2024-12-22,C047,Saanvi Yadav,Bangalore,P005,Monitor,Electronics,1,7000,14000,0,14000,7000,7000
O1749,2024-12-22,C045,Aaryan Mishra,Pune,P011,Sofa,Furniture,1,8000,18000,0,18000,8000,10000
O1750,2024-12-22,C015,Sai Reddy,Pune,P004,Smartwatch,Electronics,1,3000,6000,0,6000,3000,3000
O1751,2024-12-22,C006,Suresh Rao,Jaipur,P006,T-Shirt,Fashion,2,200,600,0.1,1080,400,680
O1752,2024-12-22,C019,Roshni Nair,Ahmedabad,P002,Smartphone,Electronics,1,12000,22000,0,22000,12000,10000
O1753,2024-12-22,C048,Neha Joshi,Chennai,P011,Sofa,Furniture,1,8000,18000,0.05,17100,8000,9100
O1754,2024-12-23,C060,Diya Patel,Hyderabad,P004,Smartwatch,Electronics,1,3000,6000,0.15,5100,3000,2100
O1755,2024-12-23,C055,Deepika Reddy,Pune,P005,Monitor,Electronics,1,7000,14000,0.1,12600,7000,5600
O1756,2024-12-23,C020,Rahul Patel,Hyderabad,P012,Dining Table,Furniture,1,5000,12000,0,12000,5000,7000
O1757,2024-12-23,C006,Suresh Rao,Jaipur,P005,Monitor,Electronics,1,7000,14000,0,14000,7000,7000
O1758,2024-12-23,C012,Sneha Mehta,Kolkata,P008,Sneakers,Fashion,1,1000,2800,0,2800,1000,1800
O1759,2024-12-24,C009,Pranav Mukherjee,Ahmedabad,P008,Sneakers,Fashion,1,1000,2800,0,2800,1000,1800
O1760,2024-12-24,C024,Rithvik Kumar,Mumbai,P019,Fiction Novel,Books,1,120,300,0,300,120,180
O1761,2024-12-24,C069,Roshni Mukherjee,Ahmedabad,P003,Headphones,Electronics,2,1500,3500,0.15,5950,3000,2950
O1762,2024-12-24,C021,Sunil Chopra,Delhi,P001,Laptop,Electronics,1,25000,45000,0,45000,25000,20000
O1763,2024-12-24,C020,Rahul Patel,Hyderabad,P008,Sneakers,Fashion,2,1000,2800,0.05,5320,2000,3320
O1764,2024-12-25,C120,Rahul Patel,Hyderabad,P010,Saree,Fashion,1,900,2800,0,2800,900,1900
O1765,2024-12-25,C030,Shaurya Verma,Hyderabad,P005,Monitor,Electronics,1,7000,14000,0.05,13300,7000,6300
O1766,2024-12-25,C020,Rahul Patel,Hyderabad,P003,Headphones,Electronics,2,1500,3500,0.1,6300,3000,3300
O1767,2024-12-25,C063,Rohit Bhat,Lucknow,P005,Monitor,Electronics,1,7000,14000,0,14000,7000,7000
O1768,2024-12-25,C018,Pooja Saxena,Chennai,P005,Monitor,Electronics,1,7000,14000,0.05,13300,7000,6300
O1769,2024-12-25,C002,Advaith Singh,Kolkata,P019,Fiction Novel,Books,4,120,300,0,1200,480,720
O1770,2024-12-26,C022,Arjun Singh,Kolkata,P011,Sofa,Furniture,1,8000,18000,0,18000,8000,10000
O1771,2024-12-26,C066,Advik Rao,Jaipur,P018,Python Book,Books,4,250,600,0.1,2160,1000,1160
O1772,2024-12-26,C109,Pranav Mukherjee,Ahmedabad,P013,Office Chair,Furniture,1,2500,5500,0,5500,2500,3000
O1773,2024-12-26,C064,Karan Kumar,Mumbai,P008,Sneakers,Fashion,2,1000,2800,0.05,5320,2000,3320
O1774,2024-12-26,C084,Swati Kumar,Mumbai,P012,Dining Table,Furniture,1,5000,12000,0.05,11400,5000,6400
O1775,2024-12-27,C026,Meera Rao,Jaipur,P020,Business Strategy,Books,1,350,800,0.05,760,350,410
O1776,2024-12-27,C036,Aditya Pandey,Jaipur,P009,Jacket,Fashion,1,1200,3500,0,3500,1200,2300
O1777,2024-12-27,C053,Gauri Gupta,Lucknow,P001,Laptop,Electronics,1,25000,45000,0.05,42750,25000,17750
O1778,2024-12-27,C092,Vikram Mehta,Kolkata,P001,Laptop,Electronics,1,25000,45000,0.15,38250,25000,13250
O1779,2024-12-27,C084,Swati Kumar,Mumbai,P019,Fiction Novel,Books,4,120,300,0.05,1140,480,660
O1780,2024-12-28,C015,Sai Reddy,Pune,P001,Laptop,Electronics,1,25000,45000,0,45000,25000,20000
O1781,2024-12-28,C064,Karan Kumar,Mumbai,P003,Headphones,Electronics,1,1500,3500,0,3500,1500,2000
O1782,2024-12-28,C092,Vikram Mehta,Kolkata,P001,Laptop,Electronics,1,25000,45000,0.15,38250,25000,13250
O1783,2024-12-28,C009,Pranav Mukherjee,Ahmedabad,P017,Coffee Beans,Grocery,1,300,550,0.1,495,300,195
O1784,2024-12-28,C023,Atharv Bhat,Lucknow,P013,Office Chair,Furniture,1,2500,5500,0,5500,2500,3000
O1785,2024-12-28,C025,Navya Mishra,Pune,P012,Dining Table,Furniture,1,5000,12000,0,12000,5000,7000
O1786,2024-12-29,C025,Navya Mishra,Pune,P016,Cooking Oil,Grocery,1,150,250,0.15,213,150,63
O1787,2024-12-29,C005,Deepika Mishra,Pune,P003,Headphones,Electronics,2,1500,3500,0.05,6650,3000,3650
O1788,2024-12-29,C091,Lakshmi Sharma,Delhi,P016,Cooking Oil,Grocery,3,150,250,0,750,450,300
O1789,2024-12-29,C022,Arjun Singh,Kolkata,P011,Sofa,Furniture,1,8000,18000,0,18000,8000,10000
O1790,2024-12-29,C072,Arjun Mehta,Kolkata,P003,Headphones,Electronics,1,1500,3500,0.1,3150,1500,1650
O1791,2024-12-30,C066,Advik Rao,Jaipur,P020,Business Strategy,Books,4,350,800,0.1,2880,1400,1480
O1792,2024-12-30,C008,Reyansh Joshi,Chennai,P006,T-Shirt,Fashion,3,200,600,0,1800,600,1200
O1793,2024-12-30,C003,Gauri Bhat,Lucknow,P008,Sneakers,Fashion,1,1000,2800,0.1,2520,1000,1520
O1794,2024-12-30,C099,Amit Nair,Ahmedabad,P013,Office Chair,Furniture,2,2500,5500,0.1,9900,5000,4900
O1795,2024-12-30,C099,Amit Nair,Ahmedabad,P012,Dining Table,Furniture,1,5000,12000,0.15,10200,5000,5200
O1796,2024-12-31,C014,Karan Deshmukh,Mumbai,P003,Headphones,Electronics,2,1500,3500,0.15,5950,3000,2950
O1797,2024-12-31,C027,Manish Yadav,Bangalore,P018,Python Book,Books,2,250,600,0.1,1080,500,580
O1798,2024-12-31,C072,Arjun Mehta,Kolkata,P001,Laptop,Electronics,1,25000,45000,0.1,40500,25000,15500
O1799,2024-12-31,C003,Gauri Bhat,Lucknow,P016,Cooking Oil,Grocery,1,150,250,0.05,238,150,88
O1800,2024-12-31,C063,Rohit Bhat,Lucknow,P002,Smartphone,Electronics,1,12000,22000,0.15,18700,12000,6700